item,overlap,report_id,utility,event_year,field,reason,question,options,page_refs,document_url,detail,reviewer,decision_value,decision_pages,matches_jev,notes,minutes_spent
174,no,pge__10_17_2024_psps_post_event_report,PG&E,2024,mbl_advance_notice,low_confidence,"Did every Medical Baseline (MBL) customer who lost power in this event have a notification delivered before their power was shut off? A delivered notification or a door-hanger visit counts even if the customer did not confirm receipt. MBL customers who were in scope but never lost power do not count. If the pages say no customers were de-energized in this event, choose not_applicable.",all_notified; some_not_notified; not_stated; not_applicable,4;5;9;27;54;55;56;57,https://www.cpuc.ca.gov/-/media/cpuc-website/divisions/safety-and-enforcement-division/reports/psps-post-event-reports/2024/pge_psps_post-event-report_20241017-amended-redlined.pdf,,A,,,,,
1,no,pge__10_17_2024_psps_post_event_report,PG&E,2024,numeric fields,conflicting_sources,The extracted version is a redline; check that no struck (deleted) value was used.,,,https://www.cpuc.ca.gov/-/media/cpuc-website/divisions/safety-and-enforcement-division/reports/psps-post-event-reports/2024/pge_psps_post-event-report_20241017-amended-redlined.pdf,,A,,,,,
224,no,pge__jan_19_2021_pge_post_event_report,PG&E,2021,complaints_reported,low_confidence,How many complaints does the report say were received about this PSPS event?,one_or_more; zero; not_stated,3;4;5;47;48;57,https://www.cpuc.ca.gov/-/media/cpuc-website/divisions/safety-and-enforcement-division/reports/psps-post-event-reports/2021/jan-19-2021-pge-post-event-report.pdf,,A,,,,,
152,no,pge__jan_19_2021_pge_post_event_report,PG&E,2021,mbl_advance_notice,low_confidence,"Did every Medical Baseline (MBL) customer who lost power in this event have a notification delivered before their power was shut off? A delivered notification or a door-hanger visit counts even if the customer did not confirm receipt. MBL customers who were in scope but never lost power do not count. If the pages say no customers were de-energized in this event, choose not_applicable.",all_notified; some_not_notified; not_stated; not_applicable,4;5;9;10;29;33;34;36,https://www.cpuc.ca.gov/-/media/cpuc-website/divisions/safety-and-enforcement-division/reports/psps-post-event-reports/2021/jan-19-2021-pge-post-event-report.pdf,,A,,,,,
166,no,pge__jan_19_2021_pge_post_event_report,PG&E,2021,wind_threshold_cited,low_confidence,Does the report state that observed or forecast wind speeds or gusts met or exceeded the utility's de-energization threshold or wind criterion in an area that was de-energized?,met; not_met; not_stated,4;5;15;16;55;60;64;67,https://www.cpuc.ca.gov/-/media/cpuc-website/divisions/safety-and-enforcement-division/reports/psps-post-event-reports/2021/jan-19-2021-pge-post-event-report.pdf,,A,,,,,
220,no,pge__pge_oct_14_17_2020_psps_post_event_report,PG&E,2020,wind_threshold_cited,low_confidence,Does the report state that observed or forecast wind speeds or gusts met or exceeded the utility's de-energization threshold or wind criterion in an area that was de-energized?,met; not_met; not_stated,4;5;14;15;66;68;70;71,https://www.cpuc.ca.gov/-/media/cpuc-website/files/uploadedfiles/cpucwebsite/content/news_room/newsupdates/2020/pge-oct-14-17-2020-psps-post-event-report.pdf,,A,,,,,
185,yes,pge__pge_oct_21_23_2020_psps_post_event_report,PG&E,2020,mbl_advance_notice,low_confidence,"Did every Medical Baseline (MBL) customer who lost power in this event have a notification delivered before their power was shut off? A delivered notification or a door-hanger visit counts even if the customer did not confirm receipt. MBL customers who were in scope but never lost power do not count. If the pages say no customers were de-energized in this event, choose not_applicable.",all_notified; some_not_notified; not_stated; not_applicable,4;5;10;11;25;30;31;34,https://www.cpuc.ca.gov/-/media/cpuc-website/files/uploadedfiles/cpucwebsite/content/news_room/newsupdates/2020/pge-oct-21-23-2020-psps-post-event-report.pdf,,A,,,,,
195,no,pge__pge_october_11_2021_psps_post_event_report,PG&E,2021,mbl_advance_notice,low_confidence,"Did every Medical Baseline (MBL) customer who lost power in this event have a notification delivered before their power was shut off? A delivered notification or a door-hanger visit counts even if the customer did not confirm receipt. MBL customers who were in scope but never lost power do not count. If the pages say no customers were de-energized in this event, choose not_applicable.",all_notified; some_not_notified; not_stated; not_applicable,4;5;6;43;44;50;51;52,https://www.cpuc.ca.gov/-/media/cpuc-website/divisions/safety-and-enforcement-division/reports/psps-post-event-reports/2021/pge-october-11-2021-psps-post-event-report.pdf,,A,,,,,
29,no,pge__pge_post_event_report_9302023_event,PG&E,2023,canceled_after_notice,no_matching_page,Were any customers or areas notified of a possible power shutoff in this event but then not de-energized?,yes; no; not_stated,,https://www.cpuc.ca.gov/-/media/cpuc-website/divisions/safety-and-enforcement-division/reports/psps-post-event-reports/2023/pge-post-event-report-9302023-event.pdf,,A,,,,,
30,no,pge__pge_post_event_report_9302023_event,PG&E,2023,claims_reported,no_matching_page,How many claims does the report say were filed against the utility because of this PSPS event?,one_or_more; zero; not_stated,,https://www.cpuc.ca.gov/-/media/cpuc-website/divisions/safety-and-enforcement-division/reports/psps-post-event-reports/2023/pge-post-event-report-9302023-event.pdf,,A,,,,,
31,no,pge__pge_post_event_report_9302023_event,PG&E,2023,complaints_reported,no_matching_page,How many complaints does the report say were received about this PSPS event?,one_or_more; zero; not_stated,,https://www.cpuc.ca.gov/-/media/cpuc-website/divisions/safety-and-enforcement-division/reports/psps-post-event-reports/2023/pge-post-event-report-9302023-event.pdf,,A,,,,,
32,no,pge__pge_post_event_report_9302023_event,PG&E,2023,mbl_advance_notice,no_matching_page,"Did every Medical Baseline (MBL) customer who lost power in this event have a notification delivered before their power was shut off? A delivered notification or a door-hanger visit counts even if the customer did not confirm receipt. MBL customers who were in scope but never lost power do not count. If the pages say no customers were de-energized in this event, choose not_applicable.",all_notified; some_not_notified; not_stated; not_applicable,,https://www.cpuc.ca.gov/-/media/cpuc-website/divisions/safety-and-enforcement-division/reports/psps-post-event-reports/2023/pge-post-event-report-9302023-event.pdf,,A,,,,,
33,no,pge__pge_post_event_report_9302023_event,PG&E,2023,wind_threshold_cited,no_matching_page,Does the report state that observed or forecast wind speeds or gusts met or exceeded the utility's de-energization threshold or wind criterion in an area that was de-energized?,met; not_met; not_stated,,https://www.cpuc.ca.gov/-/media/cpuc-website/divisions/safety-and-enforcement-division/reports/psps-post-event-reports/2023/pge-post-event-report-9302023-event.pdf,,A,,,,,
248,no,pge__pge_post_event_report_9_20_2023,PG&E,2023,wind_threshold_cited,low_confidence,Does the report state that observed or forecast wind speeds or gusts met or exceeded the utility's de-energization threshold or wind criterion in an area that was de-energized?,met; not_met; not_stated,4;5;6;7;8;9;10;81,https://www.cpuc.ca.gov/-/media/cpuc-website/divisions/safety-and-enforcement-division/reports/psps-post-event-reports/2023/pge-post-event-report-9-20-2023.pdf,,A,,,,,
140,yes,pge__pge_psps_post_event_report_20240702,PG&E,2024,mbl_advance_notice,low_confidence,"Did every Medical Baseline (MBL) customer who lost power in this event have a notification delivered before their power was shut off? A delivered notification or a door-hanger visit counts even if the customer did not confirm receipt. MBL customers who were in scope but never lost power do not count. If the pages say no customers were de-energized in this event, choose not_applicable.",all_notified; some_not_notified; not_stated; not_applicable,4;5;6;37;38;39;40;45,https://www.cpuc.ca.gov/-/media/cpuc-website/divisions/safety-and-enforcement-division/reports/psps-post-event-reports/2024/pge_psps_post-event_report_20240702-amended-redlined.pdf,,A,,,,,
2,yes,pge__pge_psps_post_event_report_20240702,PG&E,2024,numeric fields,conflicting_sources,The extracted version is a redline; check that no struck (deleted) value was used.,,,https://www.cpuc.ca.gov/-/media/cpuc-website/divisions/safety-and-enforcement-division/reports/psps-post-event-reports/2024/pge_psps_post-event_report_20240702-amended-redlined.pdf,,A,,,,,
205,yes,pge__pge_psps_post_event_report_20240702,PG&E,2024,wind_threshold_cited,low_confidence,Does the report state that observed or forecast wind speeds or gusts met or exceeded the utility's de-energization threshold or wind criterion in an area that was de-energized?,met; not_met; not_stated,4;5;6;7;8;18;19;67,https://www.cpuc.ca.gov/-/media/cpuc-website/divisions/safety-and-enforcement-division/reports/psps-post-event-reports/2024/pge_psps_post-event_report_20240702-amended-redlined.pdf,,A,,,,,
134,no,pge__pge_psps_report_8_30_2023_event,PG&E,2023,mbl_advance_notice,low_confidence,"Did every Medical Baseline (MBL) customer who lost power in this event have a notification delivered before their power was shut off? A delivered notification or a door-hanger visit counts even if the customer did not confirm receipt. MBL customers who were in scope but never lost power do not count. If the pages say no customers were de-energized in this event, choose not_applicable.",all_notified; some_not_notified; not_stated; not_applicable,3;4;5;49;100,https://www.cpuc.ca.gov/-/media/cpuc-website/divisions/safety-and-enforcement-division/reports/psps-post-event-reports/2023/pge-psps-report-8-30-2023-event.pdf,,A,,,,,
164,no,pge__pge_psps_report_8_30_2023_event,PG&E,2023,wind_threshold_cited,low_confidence,Does the report state that observed or forecast wind speeds or gusts met or exceeded the utility's de-energization threshold or wind criterion in an area that was de-energized?,met; not_met; not_stated,1;3;4;5;91;94;97;98,https://www.cpuc.ca.gov/-/media/cpuc-website/divisions/safety-and-enforcement-division/reports/psps-post-event-reports/2023/pge-psps-report-8-30-2023-event.pdf,,A,,,,,
127,no,pge__pge_psps_report_letter_oct_13_17_2018,PG&E,2018,mbl_advance_notice,low_confidence,"Did every Medical Baseline (MBL) customer who lost power in this event have a notification delivered before their power was shut off? A delivered notification or a door-hanger visit counts even if the customer did not confirm receipt. MBL customers who were in scope but never lost power do not count. If the pages say no customers were de-energized in this event, choose not_applicable.",all_notified; some_not_notified; not_stated; not_applicable,2;3;9;12,https://www.cpuc.ca.gov/-/media/cpuc-website/divisions/safety-and-enforcement-division/reports/psps-post-event-reports/2019-and-earlier/pge-psps-report-letter-oct-13-17-2018.pdf,,A,,,,,
222,no,pge__pge_public_safety_power_shutoff_nov_2021_2019_report,PG&E,2019,mbl_advance_notice,low_confidence,"Did every Medical Baseline (MBL) customer who lost power in this event have a notification delivered before their power was shut off? A delivered notification or a door-hanger visit counts even if the customer did not confirm receipt. MBL customers who were in scope but never lost power do not count. If the pages say no customers were de-energized in this event, choose not_applicable.",all_notified; some_not_notified; not_stated; not_applicable,1;2;17;18;19;20;46;47,https://www.cpuc.ca.gov/-/media/cpuc-website/divisions/safety-and-enforcement-division/reports/psps-post-event-reports/2019/pge-psps-postevent-report-nov-20-2019-amended.pdf,,A,,,,,
147,no,pge__pge_public_safety_power_shutoff_nov_2021_2019_report,PG&E,2019,wind_threshold_cited,low_confidence,Does the report state that observed or forecast wind speeds or gusts met or exceeded the utility's de-energization threshold or wind criterion in an area that was de-energized?,met; not_met; not_stated,1;2;5;7;8;9;10;30,https://www.cpuc.ca.gov/-/media/cpuc-website/divisions/safety-and-enforcement-division/reports/psps-post-event-reports/2019/pge-psps-postevent-report-nov-20-2019-amended.pdf,,A,,,,,
279,no,pge__pge_public_safety_power_shutoff_oct_912_report,PG&E,2019,wind_threshold_cited,low_confidence,Does the report state that observed or forecast wind speeds or gusts met or exceeded the utility's de-energization threshold or wind criterion in an area that was de-energized?,met; not_met; not_stated,2;3;7;8;9;35;36;37,https://www.cpuc.ca.gov/-/media/cpuc-website/divisions/safety-and-enforcement-division/reports/psps-post-event-reports/2019-and-earlier/pge-public-safety-power-shutoff-oct-912-reportamended.pdf,,A,,,,,
132,no,pge__pge_sept_27_29_2020_psps_post_event_report,PG&E,2020,mbl_advance_notice,low_confidence,"Did every Medical Baseline (MBL) customer who lost power in this event have a notification delivered before their power was shut off? A delivered notification or a door-hanger visit counts even if the customer did not confirm receipt. MBL customers who were in scope but never lost power do not count. If the pages say no customers were de-energized in this event, choose not_applicable.",all_notified; some_not_notified; not_stated; not_applicable,4;5;9;10;26;29;30;34,https://www.cpuc.ca.gov/-/media/cpuc-website/files/uploadedfiles/cpuc_public_website/content/news_room/news_and_updates/pge-sept-27-29-2020-psps-post-event-report.pdf,,A,,,,,
157,no,pge__pge_sept_27_29_2020_psps_post_event_report,PG&E,2020,wind_threshold_cited,low_confidence,Does the report state that observed or forecast wind speeds or gusts met or exceeded the utility's de-energization threshold or wind criterion in an area that was de-energized?,met; not_met; not_stated,4;5;15;16;21;22;23;24,https://www.cpuc.ca.gov/-/media/cpuc-website/files/uploadedfiles/cpuc_public_website/content/news_room/news_and_updates/pge-sept-27-29-2020-psps-post-event-report.pdf,,A,,,,,
258,no,pge__psps_event_12_07_20_de_energization_report,PG&E,2020,claims_reported,low_confidence,How many claims does the report say were filed against the utility because of this PSPS event?,one_or_more; zero; not_stated,3;4;5;27;28,https://www.cpuc.ca.gov/-/media/cpuc-website/files/uploadedfiles/cpucwebsite/content/news_room/newsupdates/2020/psps-event-12-07-20-de-energization-report.pdf,,A,,,,,
235,no,pge__psps_event_12_07_20_de_energization_report,PG&E,2020,wind_threshold_cited,low_confidence,Does the report state that observed or forecast wind speeds or gusts met or exceeded the utility's de-energization threshold or wind criterion in an area that was de-energized?,met; not_met; not_stated,4;5;8;9;10;31;34;38,https://www.cpuc.ca.gov/-/media/cpuc-website/files/uploadedfiles/cpucwebsite/content/news_room/newsupdates/2020/psps-event-12-07-20-de-energization-report.pdf,,A,,,,,
125,no,pge__pspsreportletter092021,PG&E,2021,mbl_advance_notice,low_confidence,"Did every Medical Baseline (MBL) customer who lost power in this event have a notification delivered before their power was shut off? A delivered notification or a door-hanger visit counts even if the customer did not confirm receipt. MBL customers who were in scope but never lost power do not count. If the pages say no customers were de-energized in this event, choose not_applicable.",all_notified; some_not_notified; not_stated; not_applicable,4;5;6;40;41;47;48;49,https://www.cpuc.ca.gov/-/media/cpuc-website/divisions/safety-and-enforcement-division/reports/psps-post-event-reports/2021/pspsreportletter092021.pdf,,A,,,,,
97,no,pge__r1812005_pge06192025_psps_post_event_report_072125,PG&E,2025,mbl_advance_notice,low_confidence,"Did every Medical Baseline (MBL) customer who lost power in this event have a notification delivered before their power was shut off? A delivered notification or a door-hanger visit counts even if the customer did not confirm receipt. MBL customers who were in scope but never lost power do not count. If the pages say no customers were de-energized in this event, choose not_applicable.",all_notified; some_not_notified; not_stated; not_applicable,4;5;7;23;27;34;67;68,https://www.cpuc.ca.gov/-/media/cpuc-website/divisions/safety-and-enforcement-division/reports/psps-post-event-reports/2025/r1812005--pge06192025-psps-post-event-report_072125.pdf,,A,,,,,
158,no,pge__r1812005pge51726_psps_postevent_reports1,PG&E,2026,mbl_advance_notice,low_confidence,"Did every Medical Baseline (MBL) customer who lost power in this event have a notification delivered before their power was shut off? A delivered notification or a door-hanger visit counts even if the customer did not confirm receipt. MBL customers who were in scope but never lost power do not count. If the pages say no customers were de-energized in this event, choose not_applicable.",all_notified; some_not_notified; not_stated; not_applicable,7;8;9;30;41;42;96;97,https://www.cpuc.ca.gov/-/media/cpuc-website/divisions/safety-and-enforcement-division/reports/psps-post-event-reports/2026/r1812005pge51726-psps-postevent-reports1.pdf,,A,,,,,
161,no,pge__r1812005psps_event_93010152024,PG&E,2024,mbl_advance_notice,low_confidence,"Did every Medical Baseline (MBL) customer who lost power in this event have a notification delivered before their power was shut off? A delivered notification or a door-hanger visit counts even if the customer did not confirm receipt. MBL customers who were in scope but never lost power do not count. If the pages say no customers were de-energized in this event, choose not_applicable.",all_notified; some_not_notified; not_stated; not_applicable,4;5;7;25;44;45;46;47,https://www.cpuc.ca.gov/-/media/cpuc-website/divisions/safety-and-enforcement-division/reports/psps-post-event-reports/2024/pge_psps_post-event-report_20240930-amended-redlined.pdf,,A,,,,,
3,no,pge__r1812005psps_event_93010152024,PG&E,2024,numeric fields,conflicting_sources,The extracted version is a redline; check that no struck (deleted) value was used.,,,https://www.cpuc.ca.gov/-/media/cpuc-website/divisions/safety-and-enforcement-division/reports/psps-post-event-reports/2024/pge_psps_post-event-report_20240930-amended-redlined.pdf,,A,,,,,
243,no,pge__r1812005psps_event_93010152024,PG&E,2024,wind_threshold_cited,low_confidence,Does the report state that observed or forecast wind speeds or gusts met or exceeded the utility's de-energization threshold or wind criterion in an area that was de-energized?,met; not_met; not_stated,4;5;7;9;10;11;13;75,https://www.cpuc.ca.gov/-/media/cpuc-website/divisions/safety-and-enforcement-division/reports/psps-post-event-reports/2024/pge_psps_post-event-report_20240930-amended-redlined.pdf,,A,,,,,
232,no,sce__2020_11_29_sce_psps_post_event_report_final,SCE,2020,canceled_after_notice,low_confidence,Were any customers or areas notified of a possible power shutoff in this event but then not de-energized?,yes; no; not_stated,3;4,https://www.cpuc.ca.gov/-/media/cpuc-website/files/uploadedfiles/cpucwebsite/content/news_room/newsupdates/2020/2020-11-29-sce-psps-post-event-report-final.pdf,,A,,,,,
101,no,sce__2020_11_29_sce_psps_post_event_report_final,SCE,2020,mbl_advance_notice,low_confidence,"Did every Medical Baseline (MBL) customer who lost power in this event have a notification delivered before their power was shut off? A delivered notification or a door-hanger visit counts even if the customer did not confirm receipt. MBL customers who were in scope but never lost power do not count. If the pages say no customers were de-energized in this event, choose not_applicable.",all_notified; some_not_notified; not_stated; not_applicable,3;4;26;27;28;59,https://www.cpuc.ca.gov/-/media/cpuc-website/files/uploadedfiles/cpucwebsite/content/news_room/newsupdates/2020/2020-11-29-sce-psps-post-event-report-final.pdf,,A,,,,,
263,no,sce__20240808sce_psps_post_event_reportdeenergizedfinal,SCE,2024,mbl_advance_notice,low_confidence,"Did every Medical Baseline (MBL) customer who lost power in this event have a notification delivered before their power was shut off? A delivered notification or a door-hanger visit counts even if the customer did not confirm receipt. MBL customers who were in scope but never lost power do not count. If the pages say no customers were de-energized in this event, choose not_applicable.",all_notified; some_not_notified; not_stated; not_applicable,5;6;7;19;23;24;30;39,https://www.cpuc.ca.gov/-/media/cpuc-website/divisions/safety-and-enforcement-division/reports/psps-post-event-reports/2024/20240808sce-psps-post-event-reportdeenergizedfinal.pdf,,A,,,,,
225,no,sce__20240808sce_psps_post_event_reportdeenergizedfinal,SCE,2024,wind_threshold_cited,low_confidence,Does the report state that observed or forecast wind speeds or gusts met or exceeded the utility's de-energization threshold or wind criterion in an area that was de-energized?,met; not_met; not_stated,5;6;7;8;9;10;12;17,https://www.cpuc.ca.gov/-/media/cpuc-website/divisions/safety-and-enforcement-division/reports/psps-post-event-reports/2024/20240808sce-psps-post-event-reportdeenergizedfinal.pdf,,A,,,,,
175,no,sce__20250104sce_psps_post_event_reportdeenergizedfinal,SCE,2025,wind_threshold_cited,low_confidence,Does the report state that observed or forecast wind speeds or gusts met or exceeded the utility's de-energization threshold or wind criterion in an area that was de-energized?,met; not_met; not_stated,6;7;8;9;10;12;14;17,https://www.cpuc.ca.gov/-/media/cpuc-website/divisions/safety-and-enforcement-division/reports/psps-post-event-reports/2025/20250104sce-psps-post-event-reportdeenergizedfinal.pdf,,A,,,,,
5,no,sce__20250120sce_psps_post_event_reportdeenergizedfinal,SCE,2025,last_restoration,conflicting_sources,Which last restoration is right?,,18,https://www.cpuc.ca.gov/-/media/cpuc-website/divisions/safety-and-enforcement-division/reports/psps-post-event-reports/2025/20250120sce-psps-post-event-reportdeenergizedfinal.pdf,workbook 2025-01-27 14:34 (sheet T05 row 27) vs PDF 2025-01-27 16:00 (page 18),A,,,,,
236,no,sce__20250120sce_psps_post_event_reportdeenergizedfinal,SCE,2025,mbl_advance_notice,low_confidence,"Did every Medical Baseline (MBL) customer who lost power in this event have a notification delivered before their power was shut off? A delivered notification or a door-hanger visit counts even if the customer did not confirm receipt. MBL customers who were in scope but never lost power do not count. If the pages say no customers were de-energized in this event, choose not_applicable.",all_notified; some_not_notified; not_stated; not_applicable,6;7;8;19;24;25;34;43,https://www.cpuc.ca.gov/-/media/cpuc-website/divisions/safety-and-enforcement-division/reports/psps-post-event-reports/2025/20250120sce-psps-post-event-reportdeenergizedfinal.pdf,,A,,,,,
160,no,sce__nov_14_18_2020_sce_psps_post_event_report,SCE,2020,claims_reported,low_confidence,How many claims does the report say were filed against the utility because of this PSPS event?,one_or_more; zero; not_stated,3;4;8;9,https://www.cpuc.ca.gov/-/media/cpuc-website/files/uploadedfiles/cpucwebsite/content/news_room/newsupdates/2020/nov-14-18-2020-sce-psps-post-event-report.pdf,,A,,,,,
264,no,sce__nov_14_18_2020_sce_psps_post_event_report,SCE,2020,mbl_advance_notice,low_confidence,"Did every Medical Baseline (MBL) customer who lost power in this event have a notification delivered before their power was shut off? A delivered notification or a door-hanger visit counts even if the customer did not confirm receipt. MBL customers who were in scope but never lost power do not count. If the pages say no customers were de-energized in this event, choose not_applicable.",all_notified; some_not_notified; not_stated; not_applicable,3;4;13;14;24;27;30;33,https://www.cpuc.ca.gov/-/media/cpuc-website/files/uploadedfiles/cpucwebsite/content/news_room/newsupdates/2020/nov-14-18-2020-sce-psps-post-event-report.pdf,,A,,,,,
135,no,sce__r1812005_sce_psps_post_event_for_august_10_2025_de_energization,SCE,2025,mbl_advance_notice,low_confidence,"Did every Medical Baseline (MBL) customer who lost power in this event have a notification delivered before their power was shut off? A delivered notification or a door-hanger visit counts even if the customer did not confirm receipt. MBL customers who were in scope but never lost power do not count. If the pages say no customers were de-energized in this event, choose not_applicable.",all_notified; some_not_notified; not_stated; not_applicable,8;9;10;20;25;26;83;84,https://www.cpuc.ca.gov/-/media/cpuc-website/divisions/safety-and-enforcement-division/reports/psps-post-event-reports/2025/r1812005-sce-psps-post-event-for-august-10-2025-de--energization.pdf,,A,,,,,
218,no,sce__r1812005_sce_psps_post_event_for_august_10_2025_de_energization,SCE,2025,wind_threshold_cited,low_confidence,Does the report state that observed or forecast wind speeds or gusts met or exceeded the utility's de-energization threshold or wind criterion in an area that was de-energized?,met; not_met; not_stated,8;9;10;11;12;13;18;71,https://www.cpuc.ca.gov/-/media/cpuc-website/divisions/safety-and-enforcement-division/reports/psps-post-event-reports/2025/r1812005-sce-psps-post-event-for-august-10-2025-de--energization.pdf,,A,,,,,
244,no,sce__r1812005_sce_psps_post_event_for_december_5_2024_high_threat,SCE,2024,wind_threshold_cited,low_confidence,Does the report state that observed or forecast wind speeds or gusts met or exceeded the utility's de-energization threshold or wind criterion in an area that was de-energized?,met; not_met; not_stated,8;9;10;11;12;13;63;64,https://www.cpuc.ca.gov/-/media/cpuc-website/divisions/safety-and-enforcement-division/reports/psps-post-event-reports/2024/r1812005-sce-psps-post-event-for-december-5-2024-high-threat.pdf,,A,,,,,
6,no,sce__r1812005_sce_psps_post_event_for_july_15_2025_de_energization,SCE,2025,all fields,conflicting_sources,A partial correction was filed; check whether it changes any extracted value.,,,https://www.cpuc.ca.gov/-/media/cpuc-website/divisions/safety-and-enforcement-division/reports/psps-post-event-reports/2025/r1812005-sce-psps-post-event-for-july-15-2025-de--energization.pdf,correction: https://www.cpuc.ca.gov/-/media/cpuc-website/divisions/safety-and-enforcement-division/reports/psps-post-event-reports/2025/sce-2025-amendments/20250715sce-psps-post-event-reportdeenergizedamendment2final.pdf,A,,,,,
176,no,sce__r1812005_sce_psps_post_event_for_july_15_2025_de_energization,SCE,2025,mbl_advance_notice,low_confidence,"Did every Medical Baseline (MBL) customer who lost power in this event have a notification delivered before their power was shut off? A delivered notification or a door-hanger visit counts even if the customer did not confirm receipt. MBL customers who were in scope but never lost power do not count. If the pages say no customers were de-energized in this event, choose not_applicable.",all_notified; some_not_notified; not_stated; not_applicable,8;9;19;23;24;29;48;54,https://www.cpuc.ca.gov/-/media/cpuc-website/divisions/safety-and-enforcement-division/reports/psps-post-event-reports/2025/r1812005-sce-psps-post-event-for-july-15-2025-de--energization.pdf,,A,,,,,
167,no,sce__r1812005_sce_psps_post_event_for_july_15_2025_de_energization,SCE,2025,wind_threshold_cited,low_confidence,Does the report state that observed or forecast wind speeds or gusts met or exceeded the utility's de-energization threshold or wind criterion in an area that was de-energized?,met; not_met; not_stated,8;9;10;11;12;17;33;54,https://www.cpuc.ca.gov/-/media/cpuc-website/divisions/safety-and-enforcement-division/reports/psps-post-event-reports/2025/r1812005-sce-psps-post-event-for-july-15-2025-de--energization.pdf,,A,,,,,
8,no,sce__r1812005_sce_psps_post_event_for_july_23_2025_de_energization,SCE,2025,all fields,conflicting_sources,A partial correction was filed; check whether it changes any extracted value.,,,https://www.cpuc.ca.gov/-/media/cpuc-website/divisions/safety-and-enforcement-division/reports/psps-post-event-reports/2025/r1812005-sce-psps-post-event-for-july-23-2025-de--energization.pdf,correction: https://www.cpuc.ca.gov/-/media/cpuc-website/divisions/safety-and-enforcement-division/reports/psps-post-event-reports/2025/sce-2025-amendments/20250723sce-psps-post-event-reportdeenergizedamendment2final.pdf,A,,,,,
110,no,sce__r1812005_sce_psps_post_event_for_july_23_2025_de_energization,SCE,2025,mbl_advance_notice,low_confidence,"Did every Medical Baseline (MBL) customer who lost power in this event have a notification delivered before their power was shut off? A delivered notification or a door-hanger visit counts even if the customer did not confirm receipt. MBL customers who were in scope but never lost power do not count. If the pages say no customers were de-energized in this event, choose not_applicable.",all_notified; some_not_notified; not_stated; not_applicable,7;8;9;18;23;24;30;48,https://www.cpuc.ca.gov/-/media/cpuc-website/divisions/safety-and-enforcement-division/reports/psps-post-event-reports/2025/r1812005-sce-psps-post-event-for-july-23-2025-de--energization.pdf,,A,,,,,
103,no,sce__r1812005_sce_psps_post_event_for_july_23_2025_de_energization,SCE,2025,wind_threshold_cited,low_confidence,Does the report state that observed or forecast wind speeds or gusts met or exceeded the utility's de-energization threshold or wind criterion in an area that was de-energized?,met; not_met; not_stated,7;8;9;10;11;12;17;54,https://www.cpuc.ca.gov/-/media/cpuc-website/divisions/safety-and-enforcement-division/reports/psps-post-event-reports/2025/r1812005-sce-psps-post-event-for-july-23-2025-de--energization.pdf,,A,,,,,
104,no,sce__r1812005_sce_psps_post_event_for_july_26_2024_high_threat,SCE,2024,wind_threshold_cited,low_confidence,Does the report state that observed or forecast wind speeds or gusts met or exceeded the utility's de-energization threshold or wind criterion in an area that was de-energized?,met; not_met; not_stated,9;10;11;13;18;60;61;64,https://www.cpuc.ca.gov/-/media/cpuc-website/divisions/safety-and-enforcement-division/reports/psps-post-event-reports/2024/r1812005-sce-psps-post-event-for-july-26-2024-high-threat.pdf,,A,,,,,
93,yes,sce__r1812005_sce_psps_post_event_for_may_22_2025_high_threat,SCE,2025,wind_threshold_cited,low_confidence,Does the report state that observed or forecast wind speeds or gusts met or exceeded the utility's de-energization threshold or wind criterion in an area that was de-energized?,met; not_met; not_stated,8;9;10;11;12;81;82;85,https://www.cpuc.ca.gov/-/media/cpuc-website/divisions/safety-and-enforcement-division/reports/psps-post-event-reports/2025/r1812005-sce-psps-post-event-for-may-22-2025-high-threat.pdf,,A,,,,,
129,no,sce__r1812005_sce_psps_post_event_for_october_1_2024_de_energization,SCE,2024,canceled_after_notice,low_confidence,Were any customers or areas notified of a possible power shutoff in this event but then not de-energized?,yes; no; not_stated,73;74;75,https://www.cpuc.ca.gov/-/media/cpuc-website/divisions/safety-and-enforcement-division/reports/psps-post-event-reports/2024/r1812005-sce-psps-post-event-for-october-1-2024-de-energization.pdf,,A,,,,,
41,no,sce__r1812005_sce_psps_post_event_for_october_1_2024_de_energization,SCE,2024,wind_threshold_cited,no_matching_page,Does the report state that observed or forecast wind speeds or gusts met or exceeded the utility's de-energization threshold or wind criterion in an area that was de-energized?,met; not_met; not_stated,73;74,https://www.cpuc.ca.gov/-/media/cpuc-website/divisions/safety-and-enforcement-division/reports/psps-post-event-reports/2024/r1812005-sce-psps-post-event-for-october-1-2024-de-energization.pdf,,A,,,,,
210,yes,sce__r1812005_sce_psps_post_event_for_october_27_2024_de_energization,SCE,2024,mbl_advance_notice,low_confidence,"Did every Medical Baseline (MBL) customer who lost power in this event have a notification delivered before their power was shut off? A delivered notification or a door-hanger visit counts even if the customer did not confirm receipt. MBL customers who were in scope but never lost power do not count. If the pages say no customers were de-energized in this event, choose not_applicable.",all_notified; some_not_notified; not_stated; not_applicable,9;10;11;22;27;28;42;43,https://www.cpuc.ca.gov/-/media/cpuc-website/divisions/safety-and-enforcement-division/reports/psps-post-event-reports/2024/r1812005-sce-psps-post-event-for-october-27-2024-de-energization.pdf,,A,,,,,
267,yes,sce__r1812005_sce_psps_post_event_for_october_27_2024_de_energization,SCE,2024,wind_threshold_cited,low_confidence,Does the report state that observed or forecast wind speeds or gusts met or exceeded the utility's de-energization threshold or wind criterion in an area that was de-energized?,met; not_met; not_stated,9;10;11;12;14;19;20;39,https://www.cpuc.ca.gov/-/media/cpuc-website/divisions/safety-and-enforcement-division/reports/psps-post-event-reports/2024/r1812005-sce-psps-post-event-for-october-27-2024-de-energization.pdf,,A,,,,,
226,no,sce__r1812005_sce_psps_post_event_report_for_10_22_22_high_threat_event,SCE,2022,wind_threshold_cited,low_confidence,Does the report state that observed or forecast wind speeds or gusts met or exceeded the utility's de-energization threshold or wind criterion in an area that was de-energized?,met; not_met; not_stated,8;9;10;11;12;13;19;20,https://www.cpuc.ca.gov/-/media/cpuc-website/divisions/safety-and-enforcement-division/reports/psps-post-event-reports/2022/r1812005-sce-psps-post-event-report-for-10-22-22-high-threat-event.pdf,,A,,,,,
9,yes,sce__r1812005_sce_psps_post_event_report_for_11_20_23_de_energization_event,SCE,2023,all fields,conflicting_sources,A partial correction was filed; check whether it changes any extracted value.,,,https://www.cpuc.ca.gov/-/media/cpuc-website/divisions/safety-and-enforcement-division/reports/psps-post-event-reports/2023/r1812005-sce-psps-post-event-report-for-11-20-23-de-energization-event.pdf,correction: https://www.cpuc.ca.gov/-/media/cpuc-website/divisions/safety-and-enforcement-division/reports/psps-post-event-reports/2023/r1812005-sce-corrections-to-2023-psps-post-event-reports.pdf,A,,,,,
155,yes,sce__r1812005_sce_psps_post_event_report_for_11_20_23_de_energization_event,SCE,2023,mbl_advance_notice,low_confidence,"Did every Medical Baseline (MBL) customer who lost power in this event have a notification delivered before their power was shut off? A delivered notification or a door-hanger visit counts even if the customer did not confirm receipt. MBL customers who were in scope but never lost power do not count. If the pages say no customers were de-energized in this event, choose not_applicable.",all_notified; some_not_notified; not_stated; not_applicable,8;9;10;21;22;28;29;30,https://www.cpuc.ca.gov/-/media/cpuc-website/divisions/safety-and-enforcement-division/reports/psps-post-event-reports/2023/r1812005-sce-psps-post-event-report-for-11-20-23-de-energization-event.pdf,,A,,,,,
95,no,sce__r1812005_sce_psps_post_event_report_for_11_24_22_de_energization_event,SCE,2022,mbl_advance_notice,low_confidence,"Did every Medical Baseline (MBL) customer who lost power in this event have a notification delivered before their power was shut off? A delivered notification or a door-hanger visit counts even if the customer did not confirm receipt. MBL customers who were in scope but never lost power do not count. If the pages say no customers were de-energized in this event, choose not_applicable.",all_notified; some_not_notified; not_stated; not_applicable,8;9;10;21;22;29;30;38,https://www.cpuc.ca.gov/-/media/cpuc-website/divisions/safety-and-enforcement-division/reports/psps-post-event-reports/2022/r1812005-sce-psps-post-event-report-for-11-24-22-de-energization-event.pdf,,A,,,,,
265,no,sce__r1812005_sce_psps_post_event_report_for_11_24_22_de_energization_event,SCE,2022,wind_threshold_cited,low_confidence,Does the report state that observed or forecast wind speeds or gusts met or exceeded the utility's de-energization threshold or wind criterion in an area that was de-energized?,met; not_met; not_stated,8;9;10;11;12;13;18;19,https://www.cpuc.ca.gov/-/media/cpuc-website/divisions/safety-and-enforcement-division/reports/psps-post-event-reports/2022/r1812005-sce-psps-post-event-report-for-11-24-22-de-energization-event.pdf,,A,,,,,
10,yes,sce__r1812005_sce_psps_post_event_report_for_11_26_23_high_threat_event,SCE,2023,all fields,conflicting_sources,A partial correction was filed; check whether it changes any extracted value.,,,https://www.cpuc.ca.gov/-/media/cpuc-website/divisions/safety-and-enforcement-division/reports/psps-post-event-reports/2023/r1812005-sce-psps-post-event-report-for-11-26-23-high-threat-event.pdf,correction: https://www.cpuc.ca.gov/-/media/cpuc-website/divisions/safety-and-enforcement-division/reports/psps-post-event-reports/2023/r1812005-sce-corrections-to-2023-psps-post-event-reports.pdf,A,,,,,
172,yes,sce__r1812005_sce_psps_post_event_report_for_11_26_23_high_threat_event,SCE,2023,wind_threshold_cited,low_confidence,Does the report state that observed or forecast wind speeds or gusts met or exceeded the utility's de-energization threshold or wind criterion in an area that was de-energized?,met; not_met; not_stated,8;9;10;11;12;17;18;68,https://www.cpuc.ca.gov/-/media/cpuc-website/divisions/safety-and-enforcement-division/reports/psps-post-event-reports/2023/r1812005-sce-psps-post-event-report-for-11-26-23-high-threat-event.pdf,,A,,,,,
130,no,sce__r1812005_sce_psps_post_event_report_for_9_15_24_high_threat_event,SCE,2024,wind_threshold_cited,low_confidence,Does the report state that observed or forecast wind speeds or gusts met or exceeded the utility's de-energization threshold or wind criterion in an area that was de-energized?,met; not_met; not_stated,8;9;10;11;12;58;59;62,https://www.cpuc.ca.gov/-/media/cpuc-website/divisions/safety-and-enforcement-division/reports/psps-post-event-reports/2024/r1812005-sce-psps-post-event-report-for-9-15-24-high-threat-event.pdf,,A,,,,,
142,no,sce__r1812005_sce_psps_post_event_report_for_9_9_22,SCE,2022,canceled_after_notice,low_confidence,Were any customers or areas notified of a possible power shutoff in this event but then not de-energized?,yes; no; not_stated,65;66;67;74;75,https://www.cpuc.ca.gov/-/media/cpuc-website/divisions/safety-and-enforcement-division/reports/psps-post-event-reports/2022/r1812005-sce-psps-post-event-report-for-9-9-22.pdf,,A,,,,,
136,no,sce__r1812005_sce_psps_post_event_report_for_9_9_22,SCE,2022,mbl_advance_notice,low_confidence,"Did every Medical Baseline (MBL) customer who lost power in this event have a notification delivered before their power was shut off? A delivered notification or a door-hanger visit counts even if the customer did not confirm receipt. MBL customers who were in scope but never lost power do not count. If the pages say no customers were de-energized in this event, choose not_applicable.",all_notified; some_not_notified; not_stated; not_applicable,65;66;118,https://www.cpuc.ca.gov/-/media/cpuc-website/divisions/safety-and-enforcement-division/reports/psps-post-event-reports/2022/r1812005-sce-psps-post-event-report-for-9-9-22.pdf,,A,,,,,
163,yes,sce__r1812005_sce_psps_postevent_report_for_112121,SCE,2021,mbl_advance_notice,low_confidence,"Did every Medical Baseline (MBL) customer who lost power in this event have a notification delivered before their power was shut off? A delivered notification or a door-hanger visit counts even if the customer did not confirm receipt. MBL customers who were in scope but never lost power do not count. If the pages say no customers were de-energized in this event, choose not_applicable.",all_notified; some_not_notified; not_stated; not_applicable,9;10;11;23;24;32;33;99,https://www.cpuc.ca.gov/-/media/cpuc-website/divisions/safety-and-enforcement-division/reports/psps-post-event-reports/2021/r1812005-sce-psps-postevent-report-for-112121.pdf,,A,,,,,
120,no,sce__r1812005_sce_psps_postevent_report_for_112421,SCE,2021,mbl_advance_notice,low_confidence,"Did every Medical Baseline (MBL) customer who lost power in this event have a notification delivered before their power was shut off? A delivered notification or a door-hanger visit counts even if the customer did not confirm receipt. MBL customers who were in scope but never lost power do not count. If the pages say no customers were de-energized in this event, choose not_applicable.",all_notified; some_not_notified; not_stated; not_applicable,9;10;11;22;23;30;31;39,https://www.cpuc.ca.gov/-/media/cpuc-website/divisions/safety-and-enforcement-division/reports/psps-post-event-reports/2021/r1812005-sce-psps-postevent-report-for-112421.pdf,,A,,,,,
14,no,sce__r1812005sce_psps_postevent_for_august_1_2025_de_energization,SCE,2025,all fields,conflicting_sources,A partial correction was filed; check whether it changes any extracted value.,,,https://www.cpuc.ca.gov/-/media/cpuc-website/divisions/safety-and-enforcement-division/reports/psps-post-event-reports/2025/r1812005sce-psps-postevent-for-august-1-2025-de-energization.pdf,correction: https://www.cpuc.ca.gov/-/media/cpuc-website/divisions/safety-and-enforcement-division/reports/psps-post-event-reports/2025/sce-2025-amendments/20250801sce-psps-post-event-reportdeenergizedamendment2final.pdf,A,,,,,
168,no,sce__r1812005sce_psps_postevent_for_august_1_2025_de_energization,SCE,2025,mbl_advance_notice,low_confidence,"Did every Medical Baseline (MBL) customer who lost power in this event have a notification delivered before their power was shut off? A delivered notification or a door-hanger visit counts even if the customer did not confirm receipt. MBL customers who were in scope but never lost power do not count. If the pages say no customers were de-energized in this event, choose not_applicable.",all_notified; some_not_notified; not_stated; not_applicable,8;9;10;19;20;23;24;25,https://www.cpuc.ca.gov/-/media/cpuc-website/divisions/safety-and-enforcement-division/reports/psps-post-event-reports/2025/r1812005sce-psps-postevent-for-august-1-2025-de-energization.pdf,,A,,,,,
192,no,sce__r1812005sce_psps_postevent_for_august_1_2025_de_energization,SCE,2025,wind_threshold_cited,low_confidence,Does the report state that observed or forecast wind speeds or gusts met or exceeded the utility's de-energization threshold or wind criterion in an area that was de-energized?,met; not_met; not_stated,8;9;10;11;14;17;18;36,https://www.cpuc.ca.gov/-/media/cpuc-website/divisions/safety-and-enforcement-division/reports/psps-post-event-reports/2025/r1812005sce-psps-postevent-for-august-1-2025-de-energization.pdf,,A,,,,,
206,yes,sce__r1812005sce_psps_postevent_for_december_26_2024_highthreat,SCE,2024,wind_threshold_cited,low_confidence,Does the report state that observed or forecast wind speeds or gusts met or exceeded the utility's de-energization threshold or wind criterion in an area that was de-energized?,met; not_met; not_stated,8;9;10;11;12;59;60;63,https://www.cpuc.ca.gov/-/media/cpuc-website/divisions/safety-and-enforcement-division/reports/psps-post-event-reports/2024/r1812005sce-psps-postevent-for-december-26-2024-highthreat.pdf,,A,,,,,
201,no,sce__r1812005sce_psps_postevent_for_december_31_2024_highthreat,SCE,2024,wind_threshold_cited,low_confidence,Does the report state that observed or forecast wind speeds or gusts met or exceeded the utility's de-energization threshold or wind criterion in an area that was de-energized?,met; not_met; not_stated,8;9;10;11;12;58;59;62,https://www.cpuc.ca.gov/-/media/cpuc-website/divisions/safety-and-enforcement-division/reports/psps-post-event-reports/2024/r1812005sce-psps-postevent-for-december-31-2024-highthreat.pdf,,A,,,,,
15,no,sce__r1812005sce_psps_postevent_for_june_10_2025_deenergization,SCE,2025,all fields,conflicting_sources,A partial correction was filed; check whether it changes any extracted value.,,,https://www.cpuc.ca.gov/-/media/cpuc-website/divisions/safety-and-enforcement-division/reports/psps-post-event-reports/2025/r1812005sce-psps-postevent-for-june-10-2025-deenergization.pdf,correction: https://www.cpuc.ca.gov/-/media/cpuc-website/divisions/safety-and-enforcement-division/reports/psps-post-event-reports/2025/sce-2025-amendments/20250610sce-psps-post-event-reportdeenergizedamendment2final.pdf,A,,,,,
106,no,sce__r1812005sce_psps_postevent_for_june_10_2025_deenergization,SCE,2025,mbl_advance_notice,low_confidence,"Did every Medical Baseline (MBL) customer who lost power in this event have a notification delivered before their power was shut off? A delivered notification or a door-hanger visit counts even if the customer did not confirm receipt. MBL customers who were in scope but never lost power do not count. If the pages say no customers were de-energized in this event, choose not_applicable.",all_notified; some_not_notified; not_stated; not_applicable,8;9;10;19;24;25;41;42,https://www.cpuc.ca.gov/-/media/cpuc-website/divisions/safety-and-enforcement-division/reports/psps-post-event-reports/2025/r1812005sce-psps-postevent-for-june-10-2025-deenergization.pdf,,A,,,,,
170,no,sce__r1812005sce_psps_postevent_for_june_10_2025_deenergization,SCE,2025,wind_threshold_cited,low_confidence,Does the report state that observed or forecast wind speeds or gusts met or exceeded the utility's de-energization threshold or wind criterion in an area that was de-energized?,met; not_met; not_stated,8;9;10;11;17;18;38;39,https://www.cpuc.ca.gov/-/media/cpuc-website/divisions/safety-and-enforcement-division/reports/psps-post-event-reports/2025/r1812005sce-psps-postevent-for-june-10-2025-deenergization.pdf,,A,,,,,
269,yes,sce__r1812005sce_psps_postevent_for_november_13_2024_deenergization,SCE,2024,mbl_advance_notice,low_confidence,"Did every Medical Baseline (MBL) customer who lost power in this event have a notification delivered before their power was shut off? A delivered notification or a door-hanger visit counts even if the customer did not confirm receipt. MBL customers who were in scope but never lost power do not count. If the pages say no customers were de-energized in this event, choose not_applicable.",all_notified; some_not_notified; not_stated; not_applicable,8;9;10;21;26;27;40;53,https://www.cpuc.ca.gov/-/media/cpuc-website/divisions/safety-and-enforcement-division/reports/psps-post-event-reports/2024/r1812005sce-psps-postevent-for-november-13-2024-deenergization.pdf,,A,,,,,
250,yes,sce__r1812005sce_psps_postevent_for_november_13_2024_deenergization,SCE,2024,wind_threshold_cited,low_confidence,Does the report state that observed or forecast wind speeds or gusts met or exceeded the utility's de-energization threshold or wind criterion in an area that was de-energized?,met; not_met; not_stated,8;9;10;11;13;18;38;39,https://www.cpuc.ca.gov/-/media/cpuc-website/divisions/safety-and-enforcement-division/reports/psps-post-event-reports/2024/r1812005sce-psps-postevent-for-november-13-2024-deenergization.pdf,,A,,,,,
214,no,sce__r1812005sce_psps_postevent_for_november_28_2024_highthreat_event,SCE,2024,wind_threshold_cited,low_confidence,Does the report state that observed or forecast wind speeds or gusts met or exceeded the utility's de-energization threshold or wind criterion in an area that was de-energized?,met; not_met; not_stated,8;9;10;11;12;57;58;61,https://www.cpuc.ca.gov/-/media/cpuc-website/divisions/safety-and-enforcement-division/reports/psps-post-event-reports/2024/r1812005sce-psps-postevent-for-november-28-2024-highthreat-event.pdf,,A,,,,,
94,no,sce__r1812005sce_psps_postevent_for_november_4_2024_deenergization,SCE,2024,mbl_advance_notice,low_confidence,"Did every Medical Baseline (MBL) customer who lost power in this event have a notification delivered before their power was shut off? A delivered notification or a door-hanger visit counts even if the customer did not confirm receipt. MBL customers who were in scope but never lost power do not count. If the pages say no customers were de-energized in this event, choose not_applicable.",all_notified; some_not_notified; not_stated; not_applicable,8;9;10;21;26;27;42;45,https://www.cpuc.ca.gov/-/media/cpuc-website/divisions/safety-and-enforcement-division/reports/psps-post-event-reports/2024/r1812005sce-psps-postevent-for-november-4-2024-deenergization.pdf,,A,,,,,
259,no,sce__r1812005sce_psps_postevent_for_november_4_2024_deenergization,SCE,2024,wind_threshold_cited,low_confidence,Does the report state that observed or forecast wind speeds or gusts met or exceeded the utility's de-energization threshold or wind criterion in an area that was de-energized?,met; not_met; not_stated,8;9;10;11;14;19;20;69,https://www.cpuc.ca.gov/-/media/cpuc-website/divisions/safety-and-enforcement-division/reports/psps-post-event-reports/2024/r1812005sce-psps-postevent-for-november-4-2024-deenergization.pdf,,A,,,,,
16,yes,sce__r1812005sce_psps_postevent_for_october_28_2025_deenergization,SCE,2025,all fields,conflicting_sources,A partial correction was filed; check whether it changes any extracted value.,,,https://www.cpuc.ca.gov/-/media/cpuc-website/divisions/safety-and-enforcement-division/reports/psps-post-event-reports/2025/sce-oct-28/r1812005sce-psps-postevent-for-october-28-2025-deenergization.pdf,correction: https://www.cpuc.ca.gov/-/media/cpuc-website/divisions/safety-and-enforcement-division/reports/psps-post-event-reports/2025/sce-oct-28/r1812005-sce-amendment-to-psps-post-event-for-october-28-2025-de-energization.pdf,A,,,,,
202,yes,sce__r1812005sce_psps_postevent_for_october_28_2025_deenergization,SCE,2025,mbl_advance_notice,low_confidence,"Did every Medical Baseline (MBL) customer who lost power in this event have a notification delivered before their power was shut off? A delivered notification or a door-hanger visit counts even if the customer did not confirm receipt. MBL customers who were in scope but never lost power do not count. If the pages say no customers were de-energized in this event, choose not_applicable.",all_notified; some_not_notified; not_stated; not_applicable,8;9;10;20;21;25;26;54,https://www.cpuc.ca.gov/-/media/cpuc-website/divisions/safety-and-enforcement-division/reports/psps-post-event-reports/2025/sce-oct-28/r1812005sce-psps-postevent-for-october-28-2025-deenergization.pdf,,A,,,,,
207,yes,sce__r1812005sce_psps_postevent_for_october_28_2025_deenergization,SCE,2025,wind_threshold_cited,low_confidence,Does the report state that observed or forecast wind speeds or gusts met or exceeded the utility's de-energization threshold or wind criterion in an area that was de-energized?,met; not_met; not_stated,8;9;10;11;12;14;19;38,https://www.cpuc.ca.gov/-/media/cpuc-website/divisions/safety-and-enforcement-division/reports/psps-post-event-reports/2025/sce-oct-28/r1812005sce-psps-postevent-for-october-28-2025-deenergization.pdf,,A,,,,,
187,no,sce__r1812005sce_psps_postevent_for_october_8_2025_deenergization,SCE,2025,mbl_advance_notice,low_confidence,"Did every Medical Baseline (MBL) customer who lost power in this event have a notification delivered before their power was shut off? A delivered notification or a door-hanger visit counts even if the customer did not confirm receipt. MBL customers who were in scope but never lost power do not count. If the pages say no customers were de-energized in this event, choose not_applicable.",all_notified; some_not_notified; not_stated; not_applicable,8;9;10;19;20;24;25;62,https://www.cpuc.ca.gov/-/media/cpuc-website/divisions/safety-and-enforcement-division/reports/psps-post-event-reports/2025/r1812005sce-psps-postevent-for-october-8-2025-deenergization.pdf,,A,,,,,
144,no,sce__r1812005sce_psps_postevent_for_october_8_2025_deenergization,SCE,2025,wind_threshold_cited,low_confidence,Does the report state that observed or forecast wind speeds or gusts met or exceeded the utility's de-energization threshold or wind criterion in an area that was de-energized?,met; not_met; not_stated,8;9;10;11;12;14;17;39,https://www.cpuc.ca.gov/-/media/cpuc-website/divisions/safety-and-enforcement-division/reports/psps-post-event-reports/2025/r1812005sce-psps-postevent-for-october-8-2025-deenergization.pdf,,A,,,,,
188,no,sce__r1812005sce_psps_postevent_report_for_july_15_2026_deenergization,SCE,2026,mbl_advance_notice,low_confidence,"Did every Medical Baseline (MBL) customer who lost power in this event have a notification delivered before their power was shut off? A delivered notification or a door-hanger visit counts even if the customer did not confirm receipt. MBL customers who were in scope but never lost power do not count. If the pages say no customers were de-energized in this event, choose not_applicable.",all_notified; some_not_notified; not_stated; not_applicable,8;9;10;22;27;28;42;43,https://www.cpuc.ca.gov/-/media/cpuc-website/divisions/safety-and-enforcement-division/reports/psps-post-event-reports/2026/r1812005sce-psps-postevent-report-for-july-15-2026-deenergization.pdf,,A,,,,,
107,no,sce__r1812005sce_psps_postevent_report_for_july_15_2026_deenergization,SCE,2026,wind_threshold_cited,low_confidence,Does the report state that observed or forecast wind speeds or gusts met or exceeded the utility's de-energization threshold or wind criterion in an area that was de-energized?,met; not_met; not_stated,8;9;10;11;12;13;16;91,https://www.cpuc.ca.gov/-/media/cpuc-website/divisions/safety-and-enforcement-division/reports/psps-post-event-reports/2026/r1812005sce-psps-postevent-report-for-july-15-2026-deenergization.pdf,,A,,,,,
193,no,sce__sce_esrb_8_report_regarding_october_12_through_october_16_2018,SCE,2018,claims_reported,low_confidence,How many claims does the report say were filed against the utility because of this PSPS event?,one_or_more; zero; not_stated,9;10,https://www.cpuc.ca.gov/-/media/cpuc-website/divisions/safety-and-enforcement-division/reports/psps-post-event-reports/2019-and-earlier/sce-esrb-8-report-regarding-october-12-through-october-16-2018.pdf,,A,,,,,
115,no,sce__sce_esrb_8_report_regarding_october_12_through_october_16_2018,SCE,2018,complaints_reported,low_confidence,How many complaints does the report say were received about this PSPS event?,one_or_more; zero; not_stated,9;10,https://www.cpuc.ca.gov/-/media/cpuc-website/divisions/safety-and-enforcement-division/reports/psps-post-event-reports/2019-and-earlier/sce-esrb-8-report-regarding-october-12-through-october-16-2018.pdf,,A,,,,,
227,yes,sce__sce_jun_25_28_2020_psps_post_event_report,SCE,2020,claims_reported,low_confidence,How many claims does the report say were filed against the utility because of this PSPS event?,one_or_more; zero; not_stated,3;4;7;8,https://www.cpuc.ca.gov/-/media/cpuc-website/files/uploadedfiles/cpucwebsite/content/news_room/newsupdates/2020/sce-jun-25-28-2020-psps-post-event-report.pdf,,A,,,,,
270,yes,sce__sce_jun_25_28_2020_psps_post_event_report,SCE,2020,wind_threshold_cited,low_confidence,Does the report state that observed or forecast wind speeds or gusts met or exceeded the utility's de-energization threshold or wind criterion in an area that was de-energized?,met; not_met; not_stated,3;4;5;9,https://www.cpuc.ca.gov/-/media/cpuc-website/files/uploadedfiles/cpucwebsite/content/news_room/newsupdates/2020/sce-jun-25-28-2020-psps-post-event-report.pdf,,A,,,,,
208,yes,sce__sce_nov_2326_2019_psps_postevent_report,SCE,2019,claims_reported,low_confidence,How many claims does the report say were filed against the utility because of this PSPS event?,one_or_more; zero; not_stated,3;4;11;12,https://www.cpuc.ca.gov/-/media/cpuc-website/divisions/safety-and-enforcement-division/reports/psps-post-event-reports/2019/sce-nov-2326-2019-psps-postevent-report.pdf,,A,,,,,
145,yes,sce__sce_nov_2326_2019_psps_postevent_report,SCE,2019,complaints_reported,low_confidence,How many complaints does the report say were received about this PSPS event?,one_or_more; zero; not_stated,3;4;11;12,https://www.cpuc.ca.gov/-/media/cpuc-website/divisions/safety-and-enforcement-division/reports/psps-post-event-reports/2019/sce-nov-2326-2019-psps-postevent-report.pdf,,A,,,,,
283,yes,sce__sce_nov_2326_2019_psps_postevent_report,SCE,2019,mbl_advance_notice,low_confidence,"Did every Medical Baseline (MBL) customer who lost power in this event have a notification delivered before their power was shut off? A delivered notification or a door-hanger visit counts even if the customer did not confirm receipt. MBL customers who were in scope but never lost power do not count. If the pages say no customers were de-energized in this event, choose not_applicable.",all_notified; some_not_notified; not_stated; not_applicable,3;4;7;14;15,https://www.cpuc.ca.gov/-/media/cpuc-website/divisions/safety-and-enforcement-division/reports/psps-post-event-reports/2019/sce-nov-2326-2019-psps-postevent-report.pdf,,A,,,,,
200,no,sce__sce_nov_9_2025_psps_post_event_report,SCE,2025,mbl_advance_notice,low_confidence,"Did every Medical Baseline (MBL) customer who lost power in this event have a notification delivered before their power was shut off? A delivered notification or a door-hanger visit counts even if the customer did not confirm receipt. MBL customers who were in scope but never lost power do not count. If the pages say no customers were de-energized in this event, choose not_applicable.",all_notified; some_not_notified; not_stated; not_applicable,8;9;10;22;26;27;57;58,https://www.cpuc.ca.gov/-/media/cpuc-website/divisions/safety-and-enforcement-division/reports/psps-post-event-reports/2025/sce-nov-9-2025-psps-post-event-report.pdf,,A,,,,,
75,no,sce__sce_nov_9_2025_psps_post_event_report,SCE,2025,wind_threshold_cited,low_confidence,Does the report state that observed or forecast wind speeds or gusts met or exceeded the utility's de-energization threshold or wind criterion in an area that was de-energized?,met; not_met; not_stated,8;9;10;11;12;13;16;39,https://www.cpuc.ca.gov/-/media/cpuc-website/divisions/safety-and-enforcement-division/reports/psps-post-event-reports/2025/sce-nov-9-2025-psps-post-event-report.pdf,,A,,,,,
126,no,sce__sce_oct_23_28_2020_psps_post_event_report,SCE,2020,canceled_after_notice,low_confidence,Were any customers or areas notified of a possible power shutoff in this event but then not de-energized?,yes; no; not_stated,3;4;9;13;14,https://www.cpuc.ca.gov/-/media/cpuc-website/files/uploadedfiles/cpucwebsite/content/news_room/newsupdates/2020/sce-oct-23-28-2020-psps-post-event-report.pdf,,A,,,,,
275,no,sce__sce_oct_23_28_2020_psps_post_event_report,SCE,2020,complaints_reported,low_confidence,How many complaints does the report say were received about this PSPS event?,one_or_more; zero; not_stated,3;4;12;13,https://www.cpuc.ca.gov/-/media/cpuc-website/files/uploadedfiles/cpucwebsite/content/news_room/newsupdates/2020/sce-oct-23-28-2020-psps-post-event-report.pdf,,A,,,,,
165,no,sce__sce_oct_23_28_2020_psps_post_event_report,SCE,2020,mbl_advance_notice,low_confidence,"Did every Medical Baseline (MBL) customer who lost power in this event have a notification delivered before their power was shut off? A delivered notification or a door-hanger visit counts even if the customer did not confirm receipt. MBL customers who were in scope but never lost power do not count. If the pages say no customers were de-energized in this event, choose not_applicable.",all_notified; some_not_notified; not_stated; not_applicable,3;4;20;21;22;540,https://www.cpuc.ca.gov/-/media/cpuc-website/files/uploadedfiles/cpucwebsite/content/news_room/newsupdates/2020/sce-oct-23-28-2020-psps-post-event-report.pdf,,A,,,,,
124,no,sce__sce_october_15_2021_psps_post_event_report,SCE,2021,mbl_advance_notice,low_confidence,"Did every Medical Baseline (MBL) customer who lost power in this event have a notification delivered before their power was shut off? A delivered notification or a door-hanger visit counts even if the customer did not confirm receipt. MBL customers who were in scope but never lost power do not count. If the pages say no customers were de-energized in this event, choose not_applicable.",all_notified; some_not_notified; not_stated; not_applicable,9;10;11;21;26;27;88;89,https://www.cpuc.ca.gov/-/media/cpuc-website/divisions/safety-and-enforcement-division/reports/psps-post-event-reports/2021/sce-october-15-2021-psps-post-event-report.pdf,,A,,,,,
84,no,sce__sce_october_16_18_2021_psps_post_event_report,SCE,2021,claims_reported,low_confidence,How many claims does the report say were filed against the utility because of this PSPS event?,one_or_more; zero; not_stated,3;5;6;7;14;28;29,https://www.cpuc.ca.gov/-/media/cpuc-website/divisions/safety-and-enforcement-division/reports/psps-post-event-reports/2021/sce-october-16-18-2021-psps-post-event-report.pdf,,A,,,,,
215,no,sce__sce_october_16_18_2021_psps_post_event_report,SCE,2021,wind_threshold_cited,low_confidence,Does the report state that observed or forecast wind speeds or gusts met or exceeded the utility's de-energization threshold or wind criterion in an area that was de-energized?,met; not_met; not_stated,5;6;7;8;9;10;16;17,https://www.cpuc.ca.gov/-/media/cpuc-website/divisions/safety-and-enforcement-division/reports/psps-post-event-reports/2021/sce-october-16-18-2021-psps-post-event-report.pdf,,A,,,,,
48,no,sce__sce_post_event_reporting_september_4_through_september_8_2019,SCE,2019,mbl_advance_notice,no_matching_page,"Did every Medical Baseline (MBL) customer who lost power in this event have a notification delivered before their power was shut off? A delivered notification or a door-hanger visit counts even if the customer did not confirm receipt. MBL customers who were in scope but never lost power do not count. If the pages say no customers were de-energized in this event, choose not_applicable.",all_notified; some_not_notified; not_stated; not_applicable,,https://www.cpuc.ca.gov/-/media/cpuc-website/divisions/safety-and-enforcement-division/reports/psps-post-event-reports/2019/sce-psps-postevent-report-sept-49-2019-9232019-amended.pdf,,A,,,,,
19,yes,sce__sce_psps_post_event_report_7_18_2023_event,SCE,2023,all fields,conflicting_sources,A partial correction was filed; check whether it changes any extracted value.,,,https://www.cpuc.ca.gov/-/media/cpuc-website/divisions/safety-and-enforcement-division/reports/psps-post-event-reports/2023/sce-psps-post-event-report-7-18-2023-event.pdf,correction: https://www.cpuc.ca.gov/-/media/cpuc-website/divisions/safety-and-enforcement-division/reports/psps-post-event-reports/2023/r1812005-sce-corrections-to-2023-psps-post-event-reports.pdf,A,,,,,
228,yes,sce__sce_psps_post_event_report_7_18_2023_event,SCE,2023,wind_threshold_cited,low_confidence,Does the report state that observed or forecast wind speeds or gusts met or exceeded the utility's de-energization threshold or wind criterion in an area that was de-energized?,met; not_met; not_stated,8;9;10;12;17;18;29;60,https://www.cpuc.ca.gov/-/media/cpuc-website/divisions/safety-and-enforcement-division/reports/psps-post-event-reports/2023/sce-psps-post-event-report-7-18-2023-event.pdf,,A,,,,,
182,no,sce__sce_psps_post_event_report_june_28july8_2019_7222019,SCE,2019,claims_reported,low_confidence,How many claims does the report say were filed against the utility because of this PSPS event?,one_or_more; zero; not_stated,3;4;13;14,https://www.cpuc.ca.gov/-/media/cpuc-website/divisions/safety-and-enforcement-division/reports/psps-post-event-reports/2019/sce-psps-post-event-report-june-28july8-2019-7222019.pdf,,A,,,,,
276,no,sce__sce_psps_post_event_report_june_28july8_2019_7222019,SCE,2019,wind_threshold_cited,low_confidence,Does the report state that observed or forecast wind speeds or gusts met or exceeded the utility's de-energization threshold or wind criterion in an area that was de-energized?,met; not_met; not_stated,3;4;5;8;9;29;30,https://www.cpuc.ca.gov/-/media/cpuc-website/divisions/safety-and-enforcement-division/reports/psps-post-event-reports/2019/sce-psps-post-event-report-june-28july8-2019-7222019.pdf,,A,,,,,
256,yes,sce__sce_psps_post_event_reportjune_17_22_2019_752019,SCE,2019,claims_reported,low_confidence,How many claims does the report say were filed against the utility because of this PSPS event?,one_or_more; zero; not_stated,3;4;9;10,https://www.cpuc.ca.gov/-/media/cpuc-website/divisions/safety-and-enforcement-division/reports/psps-post-event-reports/2019/sce-psps-post-event-reportjune-17-22-2019-752019.pdf,,A,,,,,
20,no,sce__sce_psps_postevent_report_for_june_26_2026_deenergization,SCE,2026,all fields,conflicting_sources,A partial correction was filed; check whether it changes any extracted value.,,,https://www.cpuc.ca.gov/-/media/cpuc-website/divisions/safety-and-enforcement-division/reports/psps-post-event-reports/2026/sce-2026/sce-psps-postevent-report-for-june-26-2026-deenergization.pdf,correction: https://www.cpuc.ca.gov/-/media/cpuc-website/divisions/safety-and-enforcement-division/reports/psps-post-event-reports/2026/r1812005sce-psps-amendment-to-postevent-report-for-june-26-2026-deenergization.pdf,A,,,,,
183,no,sce__sce_psps_postevent_report_for_june_26_2026_deenergization,SCE,2026,mbl_advance_notice,low_confidence,"Did every Medical Baseline (MBL) customer who lost power in this event have a notification delivered before their power was shut off? A delivered notification or a door-hanger visit counts even if the customer did not confirm receipt. MBL customers who were in scope but never lost power do not count. If the pages say no customers were de-energized in this event, choose not_applicable.",all_notified; some_not_notified; not_stated; not_applicable,7;8;9;21;25;26;47;48,https://www.cpuc.ca.gov/-/media/cpuc-website/divisions/safety-and-enforcement-division/reports/psps-post-event-reports/2026/sce-2026/sce-psps-postevent-report-for-june-26-2026-deenergization.pdf,,A,,,,,
150,no,sce__sce_psps_postevent_report_for_june_26_2026_deenergization,SCE,2026,wind_threshold_cited,low_confidence,Does the report state that observed or forecast wind speeds or gusts met or exceeded the utility's de-energization threshold or wind criterion in an area that was de-energized?,met; not_met; not_stated,7;8;9;10;15;39;88;89,https://www.cpuc.ca.gov/-/media/cpuc-website/divisions/safety-and-enforcement-division/reports/psps-post-event-reports/2026/sce-2026/sce-psps-postevent-report-for-june-26-2026-deenergization.pdf,,A,,,,,
79,no,sce__sce_psps_postevent_report_nov_1517_2019_1222019,SCE,2019,wind_threshold_cited,low_confidence,Does the report state that observed or forecast wind speeds or gusts met or exceeded the utility's de-energization threshold or wind criterion in an area that was de-energized?,met; not_met; not_stated,3;4;5;7;9;11;13,https://www.cpuc.ca.gov/-/media/cpuc-website/divisions/safety-and-enforcement-division/reports/psps-post-event-reports/2019/sce-psps-postevent-report-nov-1517-2019-1222019.pdf,,A,,,,,
49,no,sce__sce_psps_postevent_report_sept_21oct1_2019_10152019,SCE,2019,mbl_advance_notice,no_matching_page,"Did every Medical Baseline (MBL) customer who lost power in this event have a notification delivered before their power was shut off? A delivered notification or a door-hanger visit counts even if the customer did not confirm receipt. MBL customers who were in scope but never lost power do not count. If the pages say no customers were de-energized in this event, choose not_applicable.",all_notified; some_not_notified; not_stated; not_applicable,3;4;20;21,https://www.cpuc.ca.gov/-/media/cpuc-website/consumer-support/documents/psps/2019/sce/sce-psps-postevent-report-sept-21oct1-2019-10152019.pdf,,A,,,,,
24,no,sce__sce_psps_postevent_report_sept_21oct1_2019_10152019,SCE,2019,table pages,unreadable_page,Relevant table page(s) could not be read; check the fields that depend on them.,,24;25;26;27;28;29;30;31;32;33;34,https://www.cpuc.ca.gov/-/media/cpuc-website/consumer-support/documents/psps/2019/sce/sce-psps-postevent-report-sept-21oct1-2019-10152019.pdf,p24  (unreadable); p25  (unreadable); p26  (unreadable); p27  (unreadable); p28  (unreadable); p29  (unreadable); p30  (unreadable); p31  (not_transcribed_cap); p32  (not_transcribed_cap); p33  (not_transcribed_cap); p34  (not_transcribed_cap),A,,,,,
116,yes,sce__sce_psps_postevent_reportaug_1217_2019_8302019,SCE,2019,claims_reported,low_confidence,How many claims does the report say were filed against the utility because of this PSPS event?,one_or_more; zero; not_stated,3;4;9;10,https://www.cpuc.ca.gov/-/media/cpuc-website/divisions/safety-and-enforcement-division/reports/psps-post-event-reports/2019/sce-psps-postevent-reportaug-1217-2019-8302019.pdf,,A,,,,,
89,yes,sce__sce_psps_postevent_reportaug_1217_2019_8302019,SCE,2019,complaints_reported,low_confidence,How many complaints does the report say were received about this PSPS event?,one_or_more; zero; not_stated,3;4;9;10,https://www.cpuc.ca.gov/-/media/cpuc-website/divisions/safety-and-enforcement-division/reports/psps-post-event-reports/2019/sce-psps-postevent-reportaug-1217-2019-8302019.pdf,,A,,,,,
50,yes,sce__sce_psps_postevent_reportaug_1217_2019_8302019,SCE,2019,mbl_advance_notice,no_matching_page,"Did every Medical Baseline (MBL) customer who lost power in this event have a notification delivered before their power was shut off? A delivered notification or a door-hanger visit counts even if the customer did not confirm receipt. MBL customers who were in scope but never lost power do not count. If the pages say no customers were de-energized in this event, choose not_applicable.",all_notified; some_not_notified; not_stated; not_applicable,3;4;10;11,https://www.cpuc.ca.gov/-/media/cpuc-website/divisions/safety-and-enforcement-division/reports/psps-post-event-reports/2019/sce-psps-postevent-reportaug-1217-2019-8302019.pdf,,A,,,,,
285,yes,sce__sce_psps_postevent_reportjuly_2228_2019_892019,SCE,2019,claims_reported,low_confidence,How many claims does the report say were filed against the utility because of this PSPS event?,one_or_more; zero; not_stated,3;4;9;10,https://www.cpuc.ca.gov/-/media/cpuc-website/consumer-support/documents/psps/2019/sce/sce-psps-postevent-reportjuly-2228-2019-892019.pdf,,A,,,,,
229,no,sce__sce_psps_postevent_reportjuly_29aug_2_2019_8162019,SCE,2019,claims_reported,low_confidence,How many claims does the report say were filed against the utility because of this PSPS event?,one_or_more; zero; not_stated,3;4;8;9,https://www.cpuc.ca.gov/-/media/cpuc-website/consumer-support/documents/psps/2019/sce/sce-psps-postevent-reportjuly-29aug-2-2019-8162019.pdf,,A,,,,,
252,no,sce__sce_psps_postevent_reportjuly_29aug_2_2019_8162019,SCE,2019,wind_threshold_cited,low_confidence,Does the report state that observed or forecast wind speeds or gusts met or exceeded the utility's de-energization threshold or wind criterion in an area that was de-energized?,met; not_met; not_stated,2;3;4;5;6;7;8;10,https://www.cpuc.ca.gov/-/media/cpuc-website/consumer-support/documents/psps/2019/sce/sce-psps-postevent-reportjuly-29aug-2-2019-8162019.pdf,,A,,,,,
219,no,sce__sce_psps_postevent_reportoct_212_2019_10252019,SCE,2019,mbl_advance_notice,low_confidence,"Did every Medical Baseline (MBL) customer who lost power in this event have a notification delivered before their power was shut off? A delivered notification or a door-hanger visit counts even if the customer did not confirm receipt. MBL customers who were in scope but never lost power do not count. If the pages say no customers were de-energized in this event, choose not_applicable.",all_notified; some_not_notified; not_stated; not_applicable,3;4;19;20,https://www.cpuc.ca.gov/-/media/cpuc-website/divisions/safety-and-enforcement-division/reports/psps-post-event-reports/2019/sce-psps-postevent-reportoct-212-2019-10252019.pdf,,A,,,,,
51,no,sce__sce_psps_postevent_reportsept_919_2019_1032019,SCE,2019,canceled_after_notice,no_matching_page,Were any customers or areas notified of a possible power shutoff in this event but then not de-energized?,yes; no; not_stated,,https://www.cpuc.ca.gov/-/media/cpuc-website/consumer-support/documents/psps/2019/sce/sce-psps-postevent-reportsept-919-2019-1032019.pdf,,A,,,,,
52,no,sce__sce_psps_postevent_reportsept_919_2019_1032019,SCE,2019,claims_reported,no_matching_page,How many claims does the report say were filed against the utility because of this PSPS event?,one_or_more; zero; not_stated,,https://www.cpuc.ca.gov/-/media/cpuc-website/consumer-support/documents/psps/2019/sce/sce-psps-postevent-reportsept-919-2019-1032019.pdf,,A,,,,,
53,no,sce__sce_psps_postevent_reportsept_919_2019_1032019,SCE,2019,complaints_reported,no_matching_page,How many complaints does the report say were received about this PSPS event?,one_or_more; zero; not_stated,,https://www.cpuc.ca.gov/-/media/cpuc-website/consumer-support/documents/psps/2019/sce/sce-psps-postevent-reportsept-919-2019-1032019.pdf,,A,,,,,
54,no,sce__sce_psps_postevent_reportsept_919_2019_1032019,SCE,2019,mbl_advance_notice,no_matching_page,"Did every Medical Baseline (MBL) customer who lost power in this event have a notification delivered before their power was shut off? A delivered notification or a door-hanger visit counts even if the customer did not confirm receipt. MBL customers who were in scope but never lost power do not count. If the pages say no customers were de-energized in this event, choose not_applicable.",all_notified; some_not_notified; not_stated; not_applicable,,https://www.cpuc.ca.gov/-/media/cpuc-website/consumer-support/documents/psps/2019/sce/sce-psps-postevent-reportsept-919-2019-1032019.pdf,,A,,,,,
55,no,sce__sce_psps_postevent_reportsept_919_2019_1032019,SCE,2019,wind_threshold_cited,no_matching_page,Does the report state that observed or forecast wind speeds or gusts met or exceeded the utility's de-energization threshold or wind criterion in an area that was de-energized?,met; not_met; not_stated,,https://www.cpuc.ca.gov/-/media/cpuc-website/consumer-support/documents/psps/2019/sce/sce-psps-postevent-reportsept-919-2019-1032019.pdf,,A,,,,,
277,no,sce__wildfire_072222_scepspsposteventreport,SCE,2022,mbl_advance_notice,low_confidence,"Did every Medical Baseline (MBL) customer who lost power in this event have a notification delivered before their power was shut off? A delivered notification or a door-hanger visit counts even if the customer did not confirm receipt. MBL customers who were in scope but never lost power do not count. If the pages say no customers were de-energized in this event, choose not_applicable.",all_notified; some_not_notified; not_stated; not_applicable,5;6;7;16;17;22;23;29,https://www.cpuc.ca.gov/-/media/cpuc-website/divisions/safety-and-enforcement-division/reports/psps-post-event-reports/2022/wildfire_072222_scepspsposteventreport.pdf,,A,,,,,
117,no,sdge__r1812005_sdge_psps_postevent_report_dec_911_2024_1_10_2025,SDG&E,2024,mbl_advance_notice,low_confidence,"Did every Medical Baseline (MBL) customer who lost power in this event have a notification delivered before their power was shut off? A delivered notification or a door-hanger visit counts even if the customer did not confirm receipt. MBL customers who were in scope but never lost power do not count. If the pages say no customers were de-energized in this event, choose not_applicable.",all_notified; some_not_notified; not_stated; not_applicable,6;7;8;45;46;76;110;111,https://www.cpuc.ca.gov/-/media/cpuc-website/divisions/safety-and-enforcement-division/reports/psps-post-event-reports/2024/r1812005-sdge-psps-postevent-report-dec-911-2024--1-10-2025.pdf,,A,,,,,
151,no,sdge__r1812005_sdge_psps_postevent_report_dec_911_2024_1_10_2025,SDG&E,2024,wind_threshold_cited,low_confidence,Does the report state that observed or forecast wind speeds or gusts met or exceeded the utility's de-energization threshold or wind criterion in an area that was de-energized?,met; not_met; not_stated,6;7;8;10;11;26;75;76,https://www.cpuc.ca.gov/-/media/cpuc-website/divisions/safety-and-enforcement-division/reports/psps-post-event-reports/2024/r1812005-sdge-psps-postevent-report-dec-911-2024--1-10-2025.pdf,,A,,,,,
253,no,sdge__r1812005_sdge_psps_postevent_report_nov_68_2024,SDG&E,2024,mbl_advance_notice,low_confidence,"Did every Medical Baseline (MBL) customer who lost power in this event have a notification delivered before their power was shut off? A delivered notification or a door-hanger visit counts even if the customer did not confirm receipt. MBL customers who were in scope but never lost power do not count. If the pages say no customers were de-energized in this event, choose not_applicable.",all_notified; some_not_notified; not_stated; not_applicable,6;7;8;22;25;26;87;88,https://www.cpuc.ca.gov/-/media/cpuc-website/divisions/safety-and-enforcement-division/reports/psps-post-event-reports/2024/r1812005-sdge-psps-postevent-report-nov-68-2024.pdf,,A,,,,,
203,yes,sdge__r1812005_sdge_psps_postevent_reportjan_716_2025_eserve,SDG&E,2025,mbl_advance_notice,low_confidence,"Did every Medical Baseline (MBL) customer who lost power in this event have a notification delivered before their power was shut off? A delivered notification or a door-hanger visit counts even if the customer did not confirm receipt. MBL customers who were in scope but never lost power do not count. If the pages say no customers were de-energized in this event, choose not_applicable.",all_notified; some_not_notified; not_stated; not_applicable,7;8;9;60;61;91;126;127,https://www.cpuc.ca.gov/-/media/cpuc-website/divisions/safety-and-enforcement-division/reports/psps-post-event-reports/2025/r1812005-sdge-amended-psps-post-event-report-jan-7-16--2025-2-28-2025-eserve.pdf,,A,,,,,
27,yes,sdge__r1812005_sdge_psps_postevent_reportjan_716_2025_eserve,SDG&E,2025,table pages,unreadable_page,Relevant table page(s) could not be read; check the fields that depend on them.,,124;125,https://www.cpuc.ca.gov/-/media/cpuc-website/divisions/safety-and-enforcement-division/reports/psps-post-event-reports/2025/r1812005-sdge-amended-psps-post-event-report-jan-7-16--2025-2-28-2025-eserve.pdf,p124  (unreadable); p125  (unreadable),A,,,,,
87,no,sdge__sdge_de_energization_report_dec_14_15_2017,SDG&E,2017,canceled_after_notice,low_confidence,Were any customers or areas notified of a possible power shutoff in this event but then not de-energized?,yes; no; not_stated,4;5,https://www.cpuc.ca.gov/-/media/cpuc-website/divisions/safety-and-enforcement-division/reports/psps-post-event-reports/2019-and-earlier/sdge-de-energization-report-dec-14-15-2017.pdf,,A,,,,,
56,no,sdge__sdge_de_energization_report_dec_14_15_2017,SDG&E,2017,claims_reported,no_matching_page,How many claims does the report say were filed against the utility because of this PSPS event?,one_or_more; zero; not_stated,,https://www.cpuc.ca.gov/-/media/cpuc-website/divisions/safety-and-enforcement-division/reports/psps-post-event-reports/2019-and-earlier/sdge-de-energization-report-dec-14-15-2017.pdf,,A,,,,,
57,no,sdge__sdge_de_energization_report_dec_14_15_2017,SDG&E,2017,complaints_reported,no_matching_page,How many complaints does the report say were received about this PSPS event?,one_or_more; zero; not_stated,,https://www.cpuc.ca.gov/-/media/cpuc-website/divisions/safety-and-enforcement-division/reports/psps-post-event-reports/2019-and-earlier/sdge-de-energization-report-dec-14-15-2017.pdf,,A,,,,,
109,no,sdge__sdge_de_energization_report_dec_14_15_2017,SDG&E,2017,wind_threshold_cited,low_confidence,Does the report state that observed or forecast wind speeds or gusts met or exceeded the utility's de-energization threshold or wind criterion in an area that was de-energized?,met; not_met; not_stated,2;3;6;11;22;23;42;78,https://www.cpuc.ca.gov/-/media/cpuc-website/divisions/safety-and-enforcement-division/reports/psps-post-event-reports/2019-and-earlier/sdge-de-energization-report-dec-14-15-2017.pdf,,A,,,,,
61,no,sdge__sdge_de_energization_report_jan_27_29_2018,SDG&E,2018,canceled_after_notice,no_matching_page,Were any customers or areas notified of a possible power shutoff in this event but then not de-energized?,yes; no; not_stated,,https://www.cpuc.ca.gov/-/media/cpuc-website/divisions/safety-and-enforcement-division/reports/psps-post-event-reports/2019-and-earlier/sdge-de-energization-report-jan-27-29-2018.pdf,,A,,,,,
62,no,sdge__sdge_de_energization_report_jan_27_29_2018,SDG&E,2018,claims_reported,no_matching_page,How many claims does the report say were filed against the utility because of this PSPS event?,one_or_more; zero; not_stated,,https://www.cpuc.ca.gov/-/media/cpuc-website/divisions/safety-and-enforcement-division/reports/psps-post-event-reports/2019-and-earlier/sdge-de-energization-report-jan-27-29-2018.pdf,,A,,,,,
63,no,sdge__sdge_de_energization_report_jan_27_29_2018,SDG&E,2018,complaints_reported,no_matching_page,How many complaints does the report say were received about this PSPS event?,one_or_more; zero; not_stated,,https://www.cpuc.ca.gov/-/media/cpuc-website/divisions/safety-and-enforcement-division/reports/psps-post-event-reports/2019-and-earlier/sdge-de-energization-report-jan-27-29-2018.pdf,,A,,,,,
90,no,sdge__sdge_de_energization_report_jan_27_29_2018,SDG&E,2018,mbl_advance_notice,low_confidence,"Did every Medical Baseline (MBL) customer who lost power in this event have a notification delivered before their power was shut off? A delivered notification or a door-hanger visit counts even if the customer did not confirm receipt. MBL customers who were in scope but never lost power do not count. If the pages say no customers were de-energized in this event, choose not_applicable.",all_notified; some_not_notified; not_stated; not_applicable,4;6,https://www.cpuc.ca.gov/-/media/cpuc-website/divisions/safety-and-enforcement-division/reports/psps-post-event-reports/2019-and-earlier/sdge-de-energization-report-jan-27-29-2018.pdf,,A,,,,,
96,no,sdge__sdge_de_energization_report_jan_27_29_2018,SDG&E,2018,wind_threshold_cited,low_confidence,Does the report state that observed or forecast wind speeds or gusts met or exceeded the utility's de-energization threshold or wind criterion in an area that was de-energized?,met; not_met; not_stated,2;3;6,https://www.cpuc.ca.gov/-/media/cpuc-website/divisions/safety-and-enforcement-division/reports/psps-post-event-reports/2019-and-earlier/sdge-de-energization-report-jan-27-29-2018.pdf,,A,,,,,
82,no,sdge__sdge_de_energization_report_nov_11_16_2018,SDG&E,2018,wind_threshold_cited,low_confidence,Does the report state that observed or forecast wind speeds or gusts met or exceeded the utility's de-energization threshold or wind criterion in an area that was de-energized?,met; not_met; not_stated,2;3;18;51;52;55;58;60,https://www.cpuc.ca.gov/-/media/cpuc-website/divisions/safety-and-enforcement-division/reports/psps-post-event-reports/2019-and-earlier/sdge-de-energization-report-nov-11-16-2018.pdf,,A,,,,,
65,no,sdge__sdge_de_energization_report_oct_15_16_2018,SDG&E,2018,canceled_after_notice,no_matching_page,Were any customers or areas notified of a possible power shutoff in this event but then not de-energized?,yes; no; not_stated,,https://www.cpuc.ca.gov/-/media/cpuc-website/divisions/safety-and-enforcement-division/reports/psps-post-event-reports/2019-and-earlier/sdge-de-energization-report-oct-15-16-2018.pdf,,A,,,,,
272,no,sdge__sdge_de_energization_report_oct_15_16_2018,SDG&E,2018,mbl_advance_notice,low_confidence,"Did every Medical Baseline (MBL) customer who lost power in this event have a notification delivered before their power was shut off? A delivered notification or a door-hanger visit counts even if the customer did not confirm receipt. MBL customers who were in scope but never lost power do not count. If the pages say no customers were de-energized in this event, choose not_applicable.",all_notified; some_not_notified; not_stated; not_applicable,3,https://www.cpuc.ca.gov/-/media/cpuc-website/divisions/safety-and-enforcement-division/reports/psps-post-event-reports/2019-and-earlier/sdge-de-energization-report-oct-15-16-2018.pdf,,A,,,,,
211,no,sdge__sdge_de_energization_report_oct_15_16_2018,SDG&E,2018,wind_threshold_cited,low_confidence,Does the report state that observed or forecast wind speeds or gusts met or exceeded the utility's de-energization threshold or wind criterion in an area that was de-energized?,met; not_met; not_stated,2;3;8,https://www.cpuc.ca.gov/-/media/cpuc-website/divisions/safety-and-enforcement-division/reports/psps-post-event-reports/2019-and-earlier/sdge-de-energization-report-oct-15-16-2018.pdf,,A,,,,,
122,yes,sdge__sdge_de_energization_report_oct_19_20_2018,SDG&E,2018,wind_threshold_cited,low_confidence,Does the report state that observed or forecast wind speeds or gusts met or exceeded the utility's de-energization threshold or wind criterion in an area that was de-energized?,met; not_met; not_stated,2;3;7,https://www.cpuc.ca.gov/-/media/cpuc-website/divisions/safety-and-enforcement-division/reports/psps-post-event-reports/2019-and-earlier/sdge-de-energization-report-oct-19-20-2018.pdf,,A,,,,,
69,no,sdge__sdge_de_energization_report_sept_21_22_2017,SDG&E,2017,canceled_after_notice,no_matching_page,Were any customers or areas notified of a possible power shutoff in this event but then not de-energized?,yes; no; not_stated,,https://www.cpuc.ca.gov/-/media/cpuc-website/divisions/safety-and-enforcement-division/reports/psps-post-event-reports/2019-and-earlier/sdge-de-energization-report-sept-21-22--2017.pdf,,A,,,,,
70,no,sdge__sdge_de_energization_report_sept_21_22_2017,SDG&E,2017,claims_reported,no_matching_page,How many claims does the report say were filed against the utility because of this PSPS event?,one_or_more; zero; not_stated,,https://www.cpuc.ca.gov/-/media/cpuc-website/divisions/safety-and-enforcement-division/reports/psps-post-event-reports/2019-and-earlier/sdge-de-energization-report-sept-21-22--2017.pdf,,A,,,,,
71,no,sdge__sdge_de_energization_report_sept_21_22_2017,SDG&E,2017,complaints_reported,no_matching_page,How many complaints does the report say were received about this PSPS event?,one_or_more; zero; not_stated,,https://www.cpuc.ca.gov/-/media/cpuc-website/divisions/safety-and-enforcement-division/reports/psps-post-event-reports/2019-and-earlier/sdge-de-energization-report-sept-21-22--2017.pdf,,A,,,,,
212,no,sdge__sdge_de_energization_report_sept_21_22_2017,SDG&E,2017,mbl_advance_notice,low_confidence,"Did every Medical Baseline (MBL) customer who lost power in this event have a notification delivered before their power was shut off? A delivered notification or a door-hanger visit counts even if the customer did not confirm receipt. MBL customers who were in scope but never lost power do not count. If the pages say no customers were de-energized in this event, choose not_applicable.",all_notified; some_not_notified; not_stated; not_applicable,3,https://www.cpuc.ca.gov/-/media/cpuc-website/divisions/safety-and-enforcement-division/reports/psps-post-event-reports/2019-and-earlier/sdge-de-energization-report-sept-21-22--2017.pdf,,A,,,,,
184,no,sdge__sdge_post_event_psps_report_october_10_to_11_2019,SDG&E,2019,mbl_advance_notice,low_confidence,"Did every Medical Baseline (MBL) customer who lost power in this event have a notification delivered before their power was shut off? A delivered notification or a door-hanger visit counts even if the customer did not confirm receipt. MBL customers who were in scope but never lost power do not count. If the pages say no customers were de-energized in this event, choose not_applicable.",all_notified; some_not_notified; not_stated; not_applicable,7;10;11;36;43;44;45;46,https://www.cpuc.ca.gov/-/media/cpuc-website/divisions/safety-and-enforcement-division/reports/psps-post-event-reports/2019/sdge-post-event-psps-report-october-10-to-11-2019.pdf,,A,,,,,
216,no,sdge__sdge_post_event_psps_report_october_10_to_11_2019,SDG&E,2019,wind_threshold_cited,low_confidence,Does the report state that observed or forecast wind speeds or gusts met or exceeded the utility's de-energization threshold or wind criterion in an area that was de-energized?,met; not_met; not_stated,2;3;4;39;63;64;67;69,https://www.cpuc.ca.gov/-/media/cpuc-website/divisions/safety-and-enforcement-division/reports/psps-post-event-reports/2019/sdge-post-event-psps-report-october-10-to-11-2019.pdf,,A,,,,,
179,yes,sdge__sdge_psps_post_event_report_december_23_24_final,SDG&E,2020,canceled_after_notice,low_confidence,Were any customers or areas notified of a possible power shutoff in this event but then not de-energized?,yes; no; not_stated,29;30;31;32,https://www.cpuc.ca.gov/-/media/cpuc-website/divisions/safety-and-enforcement-division/reports/psps-post-event-reports/2020/sdge-psps-post-event-report_december-23-24-final.pdf,,A,,,,,
141,yes,sdge__sdge_psps_post_event_report_december_23_24_final,SDG&E,2020,mbl_advance_notice,low_confidence,"Did every Medical Baseline (MBL) customer who lost power in this event have a notification delivered before their power was shut off? A delivered notification or a door-hanger visit counts even if the customer did not confirm receipt. MBL customers who were in scope but never lost power do not count. If the pages say no customers were de-energized in this event, choose not_applicable.",all_notified; some_not_notified; not_stated; not_applicable,6;15;16;35;37;48;50;52,https://www.cpuc.ca.gov/-/media/cpuc-website/divisions/safety-and-enforcement-division/reports/psps-post-event-reports/2020/sdge-psps-post-event-report_december-23-24-final.pdf,,A,,,,,
239,yes,sdge__sdge_psps_post_event_report_december_23_24_final,SDG&E,2020,wind_threshold_cited,low_confidence,Does the report state that observed or forecast wind speeds or gusts met or exceeded the utility's de-energization threshold or wind criterion in an area that was de-energized?,met; not_met; not_stated,3;4;6;7;8;13;20,https://www.cpuc.ca.gov/-/media/cpuc-website/divisions/safety-and-enforcement-division/reports/psps-post-event-reports/2020/sdge-psps-post-event-report_december-23-24-final.pdf,,A,,,,,
234,no,sdge__sdge_sept_28_29_2020_psps_post_event_report,SDG&E,2020,canceled_after_notice,low_confidence,Were any customers or areas notified of a possible power shutoff in this event but then not de-energized?,yes; no; not_stated,22;23,https://www.cpuc.ca.gov/-/media/cpuc-website/files/uploadedfiles/cpuc_public_website/content/news_room/news_and_updates/sdge-sept-28-29-2020-psps-post-event-report.pdf,,A,,,,,
266,no,sdge__sdge_sept_28_29_2020_psps_post_event_report,SDG&E,2020,wind_threshold_cited,low_confidence,Does the report state that observed or forecast wind speeds or gusts met or exceeded the utility's de-energization threshold or wind criterion in an area that was de-energized?,met; not_met; not_stated,2;4;18,https://www.cpuc.ca.gov/-/media/cpuc-website/files/uploadedfiles/cpuc_public_website/content/news_room/news_and_updates/sdge-sept-28-29-2020-psps-post-event-report.pdf,,A,,,,,
72,yes,sdge__sdgedeenergizationreportoct23252017,SDG&E,2017,canceled_after_notice,no_matching_page,Were any customers or areas notified of a possible power shutoff in this event but then not de-energized?,yes; no; not_stated,,https://www.cpuc.ca.gov/-/media/cpuc-website/divisions/safety-and-enforcement-division/reports/psps-post-event-reports/2019-and-earlier/sdgedeenergizationreportoct23252017.pdf,,A,,,,,
73,yes,sdge__sdgedeenergizationreportoct23252017,SDG&E,2017,claims_reported,no_matching_page,How many claims does the report say were filed against the utility because of this PSPS event?,one_or_more; zero; not_stated,,https://www.cpuc.ca.gov/-/media/cpuc-website/divisions/safety-and-enforcement-division/reports/psps-post-event-reports/2019-and-earlier/sdgedeenergizationreportoct23252017.pdf,,A,,,,,
74,yes,sdge__sdgedeenergizationreportoct23252017,SDG&E,2017,complaints_reported,no_matching_page,How many complaints does the report say were received about this PSPS event?,one_or_more; zero; not_stated,,https://www.cpuc.ca.gov/-/media/cpuc-website/divisions/safety-and-enforcement-division/reports/psps-post-event-reports/2019-and-earlier/sdgedeenergizationreportoct23252017.pdf,,A,,,,,
278,yes,sdge__sdgedeenergizationreportoct23252017,SDG&E,2017,wind_threshold_cited,low_confidence,Does the report state that observed or forecast wind speeds or gusts met or exceeded the utility's de-energization threshold or wind criterion in an area that was de-energized?,met; not_met; not_stated,2;4;7;9;11,https://www.cpuc.ca.gov/-/media/cpuc-website/divisions/safety-and-enforcement-division/reports/psps-post-event-reports/2019-and-earlier/sdgedeenergizationreportoct23252017.pdf,,A,,,,,
