match,utility,report_id,warehouse_event,dataset_customers,warehouse_customers,customers_diff,customers_diff_pct,dataset_first_date,warehouse_first_date,first_date_diff_days,dataset_last_date,warehouse_last_date,last_date_diff_days,dataset_counties,warehouse_counties,dataset_county_names,warehouse_county_names,dataset_time_source,dataset_first_is_listing_date
both,PG&E,pge__pge_october_11_2021_psps_post_event_report,PGE PSPS Event 10/11/21,23504,23504,0,0.0,2021-10-11,2021-10-11,0,2021-10-14,2021-10-12,2,23,19,Alameda; Butte; Colusa; Contra Costa; Fresno; Glenn; Kern; Kings; Lake; Merced; Monterey; Napa; Plumas; San Benito; San Joaquin; San Luis Obispo; Santa Barbara; Shasta; Solano; Sonoma; Stanislaus; Tehama; Yolo,Alameda; Butte; Colusa; Contra Costa; Fresno; Glenn; Kern; Lake; Monterey; Napa; Plumas; San Benito; San Luis Obispo; Shasta; Solano; Sonoma; Stanislaus; Tehama; Yolo,PDF page 102,False
both,PG&E,pge__pge_october_14_16_2021_psps_post_event_report,PGE PSPS Event 10/14/21,666,666,0,0.0,2021-10-15,2021-10-14,1,2021-10-16,2021-10-16,0,1,1,Kern,Kern,PDF page 90,False
both,PG&E,pge__pge_psps_report_8_30_2023_event,PG&E PSPS Event 08/30/23,3928,3928,0,0.0,2023-08-30,2023-08-30,0,2023-08-31,2023-08-31,0,7,6,Butte; Colusa; Glenn; Lake; Shasta; Tehama; Yolo,Butte; Colusa; Glenn; Lake; Shasta; Tehama,PDF page 28,False
both,PG&E,pge__pge_post_event_report_9_20_2023,PG&E PSPS Event 09/20/23,1171,1171,0,0.0,2023-09-20,2023-09-20,0,2023-09-21,2023-09-21,0,3,3,Lake; Napa; Tehama,Lake; Napa; Tehama,PDF page 29,False
both,PG&E,pge__pge_psps_post_event_report_20240702,PG&E PSPS Event 07/02/24,1843,1833,10,0.55,2024-07-02,2024-07-02,0,2024-07-03,2024-07-03,0,8,8,Butte; Colusa; Lake; Napa; Solano; Sonoma; Tehama; Yolo,Butte; Colusa; Lake; Napa; Solano; Sonoma; Tehama; Yolo,PDF page 23,False
both,PG&E,pge__7_20_2024_psps_post_event_report_08_02_2024,PG&E PSPS Event 07/20/24,212,212,0,0.0,2024-07-20,2024-07-20,0,2024-07-21,2024-07-21,0,3,3,Alameda; Contra Costa; San Joaquin,Alameda; Contra Costa; San Joaquin,PDF page 75,False
both,PG&E,pge__r1812005psps_event_93010152024,PG&E PSPS Event 09/30/24,9176,9174,2,0.02,2024-09-30,2024-09-30,0,2024-10-01,2024-10-01,0,5,5,Butte; Colusa; Glenn; Shasta; Tehama,Butte; Colusa; Glenn; Shasta; Tehama,PDF page 4,False
both,PG&E,pge__10_17_2024_psps_post_event_report,PG&E PSPS Event 10/17/24,17367,17346,21,0.12,2024-10-17,2024-10-17,0,2024-10-20,2024-10-20,0,21,18,Alameda; Butte; Colusa; Contra Costa; Fresno; Glenn; Lake; Mendocino; Monterey; Napa; Plumas; San Benito; Santa Barbara; Santa Clara; Santa Cruz; Shasta; Solano; Sonoma; Stanislaus; Tehama; Yolo,Alameda; Butte; Colusa; Contra Costa; Fresno; Glenn; Lake; Monterey; Napa; Plumas; Santa Barbara; Santa Clara; Shasta; Solano; Sonoma; Stanislaus; Tehama; Yolo,PDF page 4,False
both,PG&E,pge__pge11052024pspsposteventreport,PG&E PSPS Event 11/05/24,21357,21340,17,0.08,2024-11-05,2024-11-05,0,2024-11-08,2024-11-08,0,17,16,Alameda; Butte; Colusa; Contra Costa; Glenn; Kern; Lake; Mendocino; Napa; Plumas; Santa Clara; Santa Cruz; Solano; Sonoma; Stanislaus; Tehama; Yolo,Alameda; Butte; Colusa; Contra Costa; Glenn; Kern; Lake; Napa; Plumas; Santa Clara; Santa Cruz; Solano; Sonoma; Stanislaus; Tehama; Yolo,PDF page 4,False
both,PG&E,pge__r1812005pge1292024_psps_postevent_report122324,PG&E PSPS Event 12/09/24,571,571,0,0.0,2024-12-09,2024-12-09,0,2024-12-10,2024-12-10,0,1,1,Kern,Kern,PDF page 73,False
both,PG&E,pge__r1812005pge1132025_psps_postevent_report01020224,PG&E PSPS Event 01/13/25,583,583,0,0.0,2025-01-12,2025-01-12,0,2025-01-15,2025-01-15,0,1,1,Kern,Kern,PDF page 78,False
both,PG&E,pge__r1812005pge1202025_psps_postevent_report02042025,PG&E PSPS Event 01/20/25,583,582,1,0.17,2025-01-20,2025-01-20,0,2025-01-21,2025-01-21,0,1,1,Kern,Kern,PDF page 75,False
both,PG&E,pge__r1812005pge1222025_psps_postevent_report02072025,PG&E PSPS Event 01/22/25,583,579,4,0.69,2025-01-22,2025-01-22,0,2025-01-24,2025-01-24,0,1,1,Kern,Kern,PDF page 7,False
both,PG&E,pge__r1812005_pge06192025_psps_post_event_report_072125,PG&E PSPS Event 06/19/25,16223,16223,0,0.0,2025-06-19,2025-06-18,1,2025-06-22,2025-06-22,0,19,15,Alameda; Colusa; Contra Costa; Fresno; Glenn; Kern; Kings; Merced; Monterey; San Benito; San Joaquin; San Luis Obispo; Santa Barbara; Santa Clara; Shasta; Stanislaus; Sutter; Tehama; Trinity,Alameda; Colusa; Contra Costa; Fresno; Glenn; Merced; Monterey; San Benito; San Joaquin; San Luis Obispo; Santa Barbara; Shasta; Stanislaus; Sutter; Tehama,PDF page 4,False
both,SCE,sce__sce_october_11_2021_psps_post_event_report,SCE PSPS Event 10/11/21,40,40,0,0.0,2021-10-11,2021-10-11,0,2021-10-12,2021-10-12,0,1,1,Los Angeles,Los Angeles,PDF page 22,False
both,SCE,sce__sce_october_15_2021_psps_post_event_report,SCE PSPS Event 10/15/21,67,104,-37,-35.58,2021-10-15,2021-10-15,0,2021-10-16,2021-10-16,0,2,2,Riverside; Los Angeles,Los Angeles; Riverside,PDF page 22,False
both,SCE,sce__r1812005sce_psps_postevent_report_for_102221,SCE PSPS Event 10/22/21,112,112,0,0.0,2021-10-22,2021-10-22,0,2021-10-22,2021-10-22,0,1,1,Mono,Mono,PDF page 9,False
both,SCE,sce__r1812005_sce_psps_postevent_report_for_112121,SCE PSPS Event 11/21/21,5235,5197,38,0.73,2021-11-21,2021-11-21,0,2021-11-22,2021-11-22,0,4,4,Los Angeles; Ventura; San Bernardino; Riverside,Los Angeles; Riverside; San Bernardino; Ventura,PDF page 24,False
both,SCE,sce__r1812005_sce_psps_postevent_report_for_112421,SCE PSPS Event 11/24/21,78514,79697,-1183,-1.48,2021-11-24,2021-11-24,0,2021-11-26,2021-11-26,0,5,5,Los Angeles; Orange; Riverside; San Bernardino; Ventura,Los Angeles; Orange; Riverside; San Bernardino; Ventura,PDF page 22,False
both,SCE,sce__wildfire_072222_scepspsposteventreport,SCE PSPS Event 07/22/22,209,209,0,0.0,2022-07-22,2022-07-22,0,2022-07-23,2022-07-23,0,2,2,Kern County; Los Angeles County,Kern; Los Angeles,PDF page 16,False
both,SCE,sce__r1812005_sce_psps_post_event_report_for_11_19_22_de_energization_event,SCE PSPS Event 11/18/22,5373,5375,-2,-0.04,2022-11-19,2022-11-19,0,2022-11-20,2022-11-20,0,2,2,Los Angeles; Ventura,Los Angeles; Ventura,PDF page 21,False
both,SCE,sce__r1812005_sce_psps_post_event_report_for_11_24_22_de_energization_event,SCE PSPS Event 11/24/22,10195,10200,-5,-0.05,2022-11-24,2022-11-24,0,2022-11-27,2022-11-25,2,3,2,Los Angeles; Riverside; Ventura,Riverside; Ventura,PDF page 22,False
both,SCE,sce__sce_psps_post_event_report_7_11_2023_event,SCE PSPS Event 07/11/23,5,5,0,0.0,2023-07-11,2023-07-11,0,2023-07-13,2023-07-13,0,1,1,Los Angeles,Los Angeles,PDF page 21,False
both,SCE,sce__20231029_sce_psps_post_event_reportdeenergizedfinal,SCE PSPS Event 10/29/23,25504,25504,0,0.0,2023-10-29,2023-10-29,0,2023-11-02,2023-11-02,0,5,5,Los Angeles; Orange; Riverside; San Bernardino; Ventura,Los Angeles; Orange; Riverside; San Bernardino; Ventura,PDF page 4,False
both,SCE,sce__r1812005_sce_psps_postevent_report_for_11092023_deenergization_event,SCE PSPS Event 11/08/23,338,338,0,0.0,2023-11-09,2023-11-09,0,2023-11-10,2023-11-10,0,2,2,Los Angeles; San Bernardino,Los Angeles; San Bernardino,PDF page 20,False
both,SCE,sce__r1812005_sce_psps_post_event_report_for_11_20_23_de_energization_event,SCE PSPS Event 11/20/23,2780,2780,0,0.0,2023-11-20,2023-11-20,0,2023-11-21,2023-11-21,0,3,3,Los Angeles; Orange; Ventura,Los Angeles; Orange; Ventura,PDF page 22,False
both,SCE,sce__r1812005_sce_psps_post_event_report_for_12_9_23_de_energization_event,SCE PSPS Event 12/08/23,5311,5311,0,0.0,2023-12-08,2023-12-09,,2023-12-11,2023-12-11,0,5,5,Los Angeles; Orange; Riverside; San Bernardino; Ventura,Los Angeles; Orange; Riverside; San Bernardino; Ventura,,True
both,SCE,sce__20240808sce_psps_post_event_reportdeenergizedfinal,SCE PSPS Event 08/07/24,21,21,0,0.0,2024-08-08,2024-08-08,0,2024-08-18,2024-08-18,0,3,3,Kern; Los Angeles; San Bernardino,Kern; Los Angeles; San Bernardino,PDF page 19,False
both,SCE,sce__r1812005_sce_psps_post_event_for_august_24_2024,SCE PSPS Event 08/23/24,3,3,0,0.0,2024-08-24,2024-08-24,0,2024-08-24,2024-08-24,0,1,1,Inyo,Inyo,PDF page 22,False
both,SCE,sce__r1812005_sce_psps_post_event_report_for_9_7_24_de_energization_event,SCE PSPS Event 09/07/24,488,489,-1,-0.2,2024-09-07,2024-09-07,0,2024-09-11,2024-09-12,-1,3,3,Los Angeles; San Bernardino; Santa Barbara,Los Angeles; San Bernardino; Santa Barbara,PDF page 8,False
both,SCE,sce__r1812005_sce_psps_post_event_for_october_1_2024_de_energization,SCE PSPS Event 10/02/24,15,1,14,1400.0,2024-10-02,2024-10-01,,,2024-10-01,,2,2,Fresno; Madera,Fresno; Madera,,True
both,SCE,sce__r1812005_sce_psps_post_event_for_october_17_2024_de_energization,SCE PSPS Event 10/17/24,11381,11381,0,0.0,2024-10-17,2024-10-17,0,2024-10-19,2024-10-19,0,6,4,Inyo; Los Angeles; Mono; Orange; Riverside; San Bernardino,Inyo; Los Angeles; Riverside; San Bernardino,PDF page 81,False
both,SCE,sce__r1812005_sce_psps_post_event_for_october_27_2024_de_energization,SCE PSPS Event 10/27/24,89,89,0,0.0,2024-10-27,2024-10-27,0,2024-10-29,2024-10-29,0,2,2,Inyo; San Bernardino,Inyo; San Bernardino,PDF page 22,False
both,SCE,sce__r1812005sce_psps_postevent_for_november_4_2024_deenergization,SCE PSPS Event 11/04/24,71044,71044,0,0.0,2024-11-04,2024-11-04,0,2024-11-08,2024-11-08,0,8,8,Kern; Los Angeles; Orange; Riverside; San Bernardino; Santa Barbara; Tulare; Ventura,Kern; Los Angeles; Orange; Riverside; San Bernardino; Santa Barbara; Tulare; Ventura,PDF page 92,False
both,SCE,sce__r1812005sce_psps_postevent_for_november_13_2024_deenergization,SCE PSPS Event 11/11/24,637,637,0,0.0,2024-11-13,2024-11-13,0,2024-11-13,2024-11-13,0,1,1,Mono,Mono,PDF page 21,False
both,SCE,sce__r1812005sce_psps_postevent_for_november_20_2024_deenergization,SCE PSPS Event 11/18/24,1251,1251,0,0.0,2024-11-20,2024-11-20,0,2024-11-23,2024-11-23,0,2,2,Inyo; Mono,Inyo; Mono,PDF page 21,False
both,SCE,sce__r1812005_sce_psps_post_event_for_december_9_2024_de_energization,SCE PSPS Event 12/09/24,51105,51102,3,0.01,2024-12-09,2024-12-09,0,2024-12-13,2024-12-13,0,7,6,Kern; Los Angeles; Orange; Riverside; San Bernardino; San Diego; Ventura,Kern; Los Angeles; Orange; Riverside; San Bernardino; Ventura,PDF page 83,False
both,SCE,sce__20241217sce_psps_post_event_reportdeenergized_final,SCE PSPS Event 12/14/24,1007,1007,0,0.0,2024-12-14,2024-12-17,,2024-12-19,2024-12-19,0,4,3,Los Angeles; Riverside; San Bernardino; Ventura,Los Angeles; Riverside; San Bernardino,,True
both,SCE,sce__20250104sce_psps_post_event_reportdeenergizedfinal,SCE PSPS Event 01/03/25,363196,363196,0,0.0,2025-01-04,2025-01-04,0,2025-01-17,2025-01-17,0,8,7,Kern; Los Angeles; Orange; Riverside; San Bernardino; Santa Barbara; San Diego; Ventura,Kern; Los Angeles; Orange; Riverside; San Bernardino; Santa Barbara; Ventura,Excel sheet T05 row 64 (377 circuits),False
both,SCE,sce__20250120sce_psps_post_event_reportdeenergizedfinal,SCE PSPS Event 01/20/25,152394,152393,1,0.0,2025-01-20,2025-01-20,0,2025-01-27,2025-01-27,0,7,6,Kern; Los Angeles; Orange; Riverside; San Bernardino; San Diego; Ventura,Kern; Los Angeles; Orange; Riverside; San Bernardino; Ventura,Excel sheet T05 row 27 (226 circuits),False
both,SCE,sce__r1812005sce_psps_postevent_for_june_10_2025_deenergization,SCE PSPS Event 06/10/25,7513,7513,0,0.0,2025-06-10,2025-06-10,0,2025-06-22,2025-06-22,0,7,7,Inyo; Kern; Los Angeles; Mono; San Bernardino; Santa Barbara; Tulare,Inyo; Kern; Los Angeles; Mono; San Bernardino; Santa Barbara; Tulare,PDF page 74,False
both,SCE,sce__r1812005_sce_psps_post_event_for_july_1_2025_de_energization,SCE PSPS Event 06/30/25,969,969,0,0.0,2025-07-01,2025-07-01,0,2025-07-11,2025-07-11,0,5,5,Inyo; Kern; Los Angeles; Mono; San Bernardino,Inyo; Kern; Los Angeles; Mono; San Bernardino,PDF page 20,False
both,SCE,sce__r1812005_sce_psps_post_event_for_july_15_2025_de_energization,SCE PSPS Event 07/15/25,311,311,0,0.0,2025-07-15,2025-07-15,0,2025-07-15,2025-07-15,0,1,1,Los Angeles,Los Angeles,PDF page 19,False
both,SCE,sce__r1812005_sce_psps_post_event_for_july_23_2025_de_energization,SCE PSPS Event 07/20/25,5,5,0,0.0,2025-07-23,2025-07-23,0,2025-07-24,2025-07-24,0,1,1,San Bernardino,San Bernardino,PDF page 19,False
both,SCE,sce__r1812005sce_psps_postevent_for_august_1_2025_de_energization,SCE PSPS Event 08/01/25,1534,1533,1,0.07,2025-08-01,2025-08-01,0,2025-08-08,2025-08-08,0,4,4,Inyo; Kern; Mono; San Bernardino,Inyo; Kern; Mono; San Bernardino,PDF page 20,False
both,SCE,sce__r1812005_sce_psps_post_event_for_august_10_2025_de_energization,SCE PSPS Event 08/11/25,6853,6852,1,0.01,2025-08-10,2025-08-10,0,2025-08-24,2025-08-24,0,8,8,Inyo; Kern; Los Angeles; Mono; Riverside; San Bernardino; Santa Barbara; Tulare,Inyo; Kern; Los Angeles; Mono; Riverside; San Bernardino; Santa Barbara; Tulare,PDF page 122,False
both,SCE,sce__r1812005_sce_psps_post_event_for_september_2_2025_de_energization,SCE PSPS Event 09/02/25,1223,1223,0,0.0,2025-09-02,2025-09-02,0,2025-09-10,2025-09-10,0,4,4,Kern; Los Angeles; San Bernardino; Tulare,Kern; Los Angeles; San Bernardino; Tulare,PDF page 62,False
both,SCE,sce__r1812005sce_psps_postevent_for_october_8_2025_deenergization,SCE PSPS Event 10/08/25,1215,1215,0,0.0,2025-10-08,2025-10-08,0,2025-10-14,2025-10-14,0,4,4,Inyo; Los Angeles; Mono; San Bernardino,Inyo; Los Angeles; Mono; San Bernardino,PDF page 62,False
both,SCE,sce__r1812005sce_psps_postevent_for_october_28_2025_deenergization,SCE PSPS Event 10/28/25,2640,2640,0,0.0,2025-10-28,2025-10-28,0,2025-10-28,2025-10-29,-1,4,4,Los Angeles; Riverside; San Bernardino; Ventura,Los Angeles; Riverside; San Bernardino; Ventura,PDF page 65,False
both,SCE,sce__r1812005sce_psps_postevent_for_november_5_2025_deenergization,SCE PSPS Event 11/05/25,1145,1145,0,0.0,2025-11-05,2025-11-05,0,2025-11-06,2025-11-06,0,2,2,Inyo; Mono,Inyo; Mono,PDF page 21,False
both,SCE,sce__sce_nov_9_2025_psps_post_event_report,SCE PSPS Event 11/09/25,909,909,0,0.0,2025-11-09,2025-11-09,0,2025-11-10,2025-11-10,0,1,1,San Bernardino,San Bernardino,PDF page 22,False
both,SDG&E,sdge__r1812005_sdge_psps_postevent_report_112426,SDGE PSPS Event 11/24/21,5858,5858,0,0.0,2021-11-24,2021-11-24,0,2021-11-26,2021-11-26,0,1,1,San Diego,San Diego,Excel sheet Table 3 row 5 (34 circuits),False
both,SDG&E,sdge__r1812005_sdge_psps_postevent_report_nov_68_2024,SDG&E PSPS Event 11/06/24,1263,1263,0,0.0,2024-11-06,2024-11-06,0,2024-11-08,2024-11-07,1,1,1,San Diego,San Diego,Excel sheet Table 3 row 21 (22 circuits),False
both,SDG&E,sdge__r1812005_sdge_psps_postevent_report_dec_911_2024_1_10_2025,SDG&E PSPS Event 12/09/24,51922,51922,0,0.0,2024-12-09,2024-12-09,0,2024-12-11,2024-12-11,0,3,1,San Diego; Orange,San Diego,Excel sheet Table 3_Amended row 168 (301 circuits),False
both,SDG&E,sdge__r1812005_sdge_psps_postevent_reportjan_716_2025_eserve,SDG&E PSPS Event 01/07/25,21508,15103,6405,42.41,2025-01-07,2025-01-07,0,2025-01-16,2025-01-16,0,4,1,San Diego; Orange; Riverside; Imperial,San Diego,Excel sheet Table 3 row 31 (189 circuits),False
both,SDG&E,sdge__r1812005_sdge_psps_postevent_report_jan_2024_2025_e_serve_2_24_2025,SDG&E PSPS Event 01/20/25,29980,27015,2965,10.98,2025-01-20,2025-01-20,0,2025-01-24,2025-01-24,0,3,1,,San Diego,Excel sheet Table 3 row 211 (238 circuits),False
dataset_only_outside_window_no_shutoff,PG&E,pge__pge_psps_report_event_nov_6_8_2018,,0,,,,2018-11-06,,,,,,0,,,,,True
dataset_only_outside_window,PG&E,pge__pge_psps_report_letter_oct_13_17_2018,,60000,,,,2018-10-14,,,2018-10-17,,,7,,Amador; Calaveras; El Dorado; Lake; Napa; Placer; Sonoma,,PDF page 7,False
dataset_only_outside_window,PG&E,pge__pge_esrb8_report_for_oct_26_29_2019,,967754,,,,2019-10-26,,,2019-11-08,,,,,,,PDF page 81,False
dataset_only_outside_window,PG&E,pge__pge_psps_report_letter_june_7_9_2019,,22474,,,,2019-06-08,,,2019-06-09,,,4,,Napa; Yolo; Solano; Butte,,PDF page 10,False
dataset_only_outside_window,PG&E,pge__pge_public_safety_power_shutoff_nov_2021_2019_report,,49202,,,,2019-11-20,,,2019-11-21,,,11,,,,PDF page 32,False
dataset_only_outside_window,PG&E,pge__pge_public_safety_power_shutoff_oct_2325_2019_report,,178809,,,,2019-10-23,,,2019-10-25,,,17,,Alpine; Amador; Butte; Calaveras; El Dorado; Kern; Lake; Mendocino; Napa; Nevada; Placer; Plumas; San Mateo; Sierra; Sonoma; Tehama; Yuba,,PDF page 44,False
dataset_only_outside_window,PG&E,pge__pge_public_safety_power_shutoff_oct_56_2019_report,,11609,,,,2019-10-05,,,2019-10-06,,,3,,Butte; Yuba; Plumas,,PDF page 10,False
dataset_only_outside_window,PG&E,pge__pge_public_safety_power_shutoff_oct_912_report,,732348,,,,2019-10-09,,,2019-10-12,,,35,,Alameda; Alpine; Amador; Butte; Calaveras; Colusa; Contra Costa; El Dorado; Glenn; Humboldt; Kern; Lake; Marin; Mariposa; Mendocino; Merced; Napa; Nevada; Placer; Plumas; San Joaquin; San Mateo; Santa Clara; Santa Cruz; Shasta; Sierra; Siskiyou; Solano; Sonoma; Stanislaus; Tehama; Trinity; Tuolumne; Yolo; Yuba,,PDF page 12,False
dataset_only_outside_window,PG&E,pge__public_safety_power_shutoff_sept_25_27_2019,,70826,,,,2019-09-23,,,2019-09-26,,,7,,Butte; Nevada; Placer; Plumas; Yuba; Napa; Sonoma,,PDF page 15,False
dataset_only_outside_window,PG&E,pge__pge_oct_14_17_2020_psps_post_event_report,,40574,,,,2020-10-13,,,2020-10-17,,,19,,Alameda; Butte; Contra Costa; Humboldt; Lake; Monterey; Napa; Nevada; Plumas; San Mateo; Santa Clara; Santa Cruz; Shasta; Solano; Sonoma; Tehama; Trinity; Yolo; Yuba,,PDF page 78,False
dataset_only_outside_window,PG&E,pge__pge_oct_21_23_2020_psps_post_event_report,,30154,,,,2020-10-21,,,2020-10-23,,,7,,Butte; Colusa; Glenn; Plumas; Shasta; Tehama; Yolo,,PDF page 75,False
dataset_only_outside_window,PG&E,pge__pge_oct_25_28_2020_psps_post_event_report,,345470,,,,2020-10-25,,,2020-10-28,,,35,,Alameda; Alpine; Amador; Butte; Calaveras; Colusa; Contra Costa; El Dorado; Fresno; Glenn; Humboldt; Lake; Madera; Marin; Mariposa; Mendocino; Napa; Nevada; Placer; Plumas; San Joaquin; San Mateo; Santa Clara; Santa Cruz; Shasta; Sierra; Siskiyou; Solano; Sonoma; Stanislaus; Tehama; Trinity; Tuolumne; Yolo; Yuba,,PDF page 84,False
dataset_only_outside_window,PG&E,pge__pge_sept_27_29_2020_psps_post_event_report,,64297,,,,2020-09-26,,,2020-09-29,,,15,,Alpine; Amador; Butte; Calaveras; El Dorado; Lake; Napa; Nevada; Placer; Plumas; Shasta; Sierra; Sonoma; Tehama; Yuba,,PDF page 75,False
dataset_only_outside_window,PG&E,pge__pge_sept_7_10_2020_psps_post_event_report,,168581,,,,2020-09-07,,,,,,22,,,,PDF page 56,False
dataset_only_outside_window,PG&E,pge__psps_event_12_02_20_de_energization_report_final,,617,,,,2020-12-02,,,2020-12-03,,,1,,Kern County,,PDF page 63,False
dataset_only_outside_window_no_shutoff,PG&E,pge__psps_event_12_07_20_de_energization_report,,0,,,,2020-12-07,,,,,,0,,,,,True
dataset_only_outside_window,PG&E,pge__jan_19_2021_pge_post_event_report,,5099,,,,2021-01-18,,,2021-01-26,,,7,,Fresno; Kern; Madera; Mariposa; San Luis Obispo; Santa Barbara; Tulare,,PDF page 71,False
dataset_only_outside_window,PG&E,pge__pspsreportletter092021,,2968,,,,2021-09-20,,,2021-09-21,,,8,,Colusa; Glenn; Kern; Lake; Napa; Solano; Tehama; Yolo,,PDF page 94,False
dataset_only_in_window_no_shutoff,PG&E,pge__final_psps_10_22_22_weather_post_event_report_20221107,,0,,,,2022-10-22,,,,,,0,,,,,True
dataset_only_in_window_no_shutoff,PG&E,pge__pge_post_event_report_9302023_event,,0,,,,2023-09-30,,,,,,0,,,,,True
dataset_only_in_window_no_shutoff,PG&E,pge__r1812005coverpge12152023_psps_postevent_report01020224,,,,,,2023-12-15,,,,,,,,,,,True
dataset_only_in_window_no_shutoff,PG&E,pge__07_05_2024_psps_post_event_report_20240719,,0,,,,2024-07-05,,,,,,0,,,,,True
dataset_only_outside_window,PG&E,pge__r1812005pge51726_psps_postevent_reports1,,4583,,,,2026-05-17,,,2026-05-18,,,15,,Alameda; Colusa; Contra Costa; Fresno; Glenn; Lake; Merced; Napa; San Benito; San Joaquin; Solano; Sonoma; Stanislaus; Tehama; Yolo,,PDF page 88,False
dataset_only_outside_window,PG&E,pge__r1812005pge61026_psps_postevent_report62526,,4256,,,,2026-06-10,,,2026-06-11,,,8,,Colusa; Glenn; Lake; Napa; Sonoma; Sutter; Tehama; Yolo,,PDF page 83,False
dataset_only_outside_window,PG&E,pge__r1812005pge71526_psps_postevent_report073026,,5186,,,,2026-07-15,,,2026-07-16,,,8,,Alameda; Contra Costa; Marin; Monterey; San Benito; San Joaquin; San Luis Obispo; Santa Barbara,,PDF page 79,False
dataset_only_outside_window_no_shutoff,SCE,sce__sce_esrb_8_report_regarding_november_5_through_november_13_2018,,,,,,2018-11-08,,,2018-11-14,,,4,,Los Angeles; Orange; San Bernardino; Ventura,,PDF page 5,False
dataset_only_outside_window_no_shutoff,SCE,sce__sce_esrb_8_report_regarding_october_12_through_october_16_2018,,0,,,,2018-10-12,,,,,,0,,,,,True
dataset_only_outside_window,SCE,sce__sce_esrb_8_report_dec_29_2018_jan1_2019,,34,,,,2019-01-01,,,2019-01-01,,,1,,Orange,,PDF page 4,False
dataset_only_outside_window,SCE,sce__sce_nov_2326_2019_psps_postevent_report,,1192,,,,2019-11-25,,,2019-11-26,,,5,,Mono; Ventura; San Bernardino; Inyo; Los Angeles,,PDF page 16,False
dataset_only_outside_window,SCE,sce__sce_post_event_reporting_october_21_through_october_26_2019,,31386,,,,2019-10-23,,,2019-10-28,,,6,,Kern; Los Angeles; Orange; Riverside; San Bernardino; Ventura,,PDF page 110,False
dataset_only_outside_window,SCE,sce__sce_post_event_reporting_september_4_through_september_8_2019,,650,,,,2019-09-07,,,2019-09-08,,,1,,Santa Barbara,,PDF page 5,False
dataset_only_outside_window_no_shutoff,SCE,sce__sce_psps_post_event_report_june_28july8_2019_7222019,,0,,,,2019-06-28,,,,,,0,,,,,True
dataset_only_outside_window_no_shutoff,SCE,sce__sce_psps_post_event_reportjune_17_22_2019_752019,,0,,,,2019-06-17,,,,,,0,,,,,True
dataset_only_outside_window_no_shutoff,SCE,sce__sce_psps_postevent_report_july_921_2019_822019,,0,,,,2019-07-09,,,,,,0,,,,,True
dataset_only_outside_window,SCE,sce__sce_psps_postevent_report_nov_1517_2019_1222019,,49,,,,2019-11-17,,,2019-11-17,,,1,,Ventura,,PDF page 7,False
dataset_only_outside_window,SCE,sce__sce_psps_postevent_report_oct_1221_2019_1112019,,444,,,,2019-10-16,,,2019-10-21,,,4,,Kern; Los Angeles; Mono; San Bernardino,,PDF page 7,False
dataset_only_outside_window,SCE,sce__sce_psps_postevent_report_sept_21oct1_2019_10152019,,85,,,,2019-09-24,,,2019-09-24,,,1,,Riverside,,PDF page 5,False
dataset_only_outside_window_no_shutoff,SCE,sce__sce_psps_postevent_reportaug_1217_2019_8302019,,0,,,,2019-08-12,,,,,,0,,,,,True
dataset_only_outside_window_no_shutoff,SCE,sce__sce_psps_postevent_reportaug_310_2019_8222019,,0,,,,2019-08-03,,,,,,0,,,,,True
dataset_only_outside_window_no_shutoff,SCE,sce__sce_psps_postevent_reportjuly_2228_2019_892019,,0,,,,2019-07-22,,,,,,0,,,,,True
dataset_only_outside_window_no_shutoff,SCE,sce__sce_psps_postevent_reportjuly_29aug_2_2019_8162019,,0,,,,2019-07-29,,,,,,0,,,,,True
dataset_only_outside_window,SCE,sce__sce_psps_postevent_reportoct_212_2019_10252019,,24112,,,,2019-10-09,,,2019-10-18,,,6,,Kern; Los Angeles; Riverside; San Bernardino; Santa Barbara; Ventura,,PDF page 8,False
dataset_only_outside_window,SCE,sce__sce_psps_postevent_reportoct_27nov_4_2019_11192019,,126364,,,,2019-10-27,,,2019-11-06,,,7,,Fresno; Kern; Los Angeles; Madera; Riverside; San Bernardino; Ventura,,PDF page 5,False
dataset_only_outside_window,SCE,sce__sce_psps_postevent_reportsept_919_2019_1032019,,14500,,,,2019-09-16,,,2019-09-18,,,2,,Inyo; Mono,,PDF page 6,False
dataset_only_outside_window,SCE,sce__2020_11_29_sce_psps_post_event_report_final,,51407,,,,2020-12-02,,,2020-12-04,,,6,,Kern; Los Angeles; Orange; Riverside; San Bernardino; Ventura,,PDF page 6,False
dataset_only_outside_window,SCE,sce__nov_14_18_2020_sce_psps_post_event_report,,517,,,,2020-11-16,,,2020-11-18,,,4,,Inyo; Mono; Kern; Los Angeles,,PDF page 6,False
dataset_only_outside_window,SCE,sce__nov_24_28_2020_sce_psps_post_event_report,,20687,,,,2020-11-26,,,2020-11-28,,,5,,Kern; Los Angeles; Orange; San Bernardino; Ventura,,PDF page 6,False
dataset_only_outside_window,SCE,sce__nov_3_7_2020_sce_psps_post_event_report,,1335,,,,2020-11-06,,,2020-11-07,,,2,,Mono County; San Bernardino County,,PDF page 6,False
dataset_only_outside_window_no_shutoff,SCE,sce__sce_jun_25_28_2020_psps_post_event_report,,0,,,,2020-06-25,,,,,,0,,,,,True
dataset_only_outside_window_no_shutoff,SCE,sce__sce_may_27_30_2020_psps_post_event_report,,0,,,,2020-05-27,,,,,,0,,,,,True
dataset_only_outside_window,SCE,sce__sce_oct_16_2020_psps_post_event_report,,86,,,,2020-10-16,,,2020-10-16,,,2,,Los Angeles; Ventura,,PDF page 5,False
dataset_only_outside_window,SCE,sce__sce_oct_23_28_2020_psps_post_event_report,,36307,,,,2020-10-26,,,2020-10-29,,,6,,Kern; Ventura; Los Angeles; San Bernardino; Orange; Riverside,,PDF page 6,False
dataset_only_outside_window,SCE,sce__sce_psps_post_event_report_2020_july_31_to_august_4,,17,,,,2020-08-02,,,2020-08-04,,,2,,Kern; Los Angeles,,PDF page 3,False
dataset_only_outside_window,SCE,sce__sce_sept_5_11_2020_psps_post_event_report,,252,,,,2020-09-09,,,2020-09-12,,,2,,Los Angeles; Ventura,,PDF page 8,False
dataset_only_outside_window_no_shutoff,SCE,sce__2021614sce_post_event_report_final,,0,,,,2021-06-14,,,,,,0,,,,,True
dataset_only_outside_window,SCE,sce__jan_1221_2021_sce_psps_post_event_report,,114341,,,,2021-01-14,,,2021-01-21,,,8,,Fresno; Kern; Madera; Los Angeles; Orange; Riverside; San Bernardino; Ventura,,PDF page 8,False
dataset_only_outside_window,SCE,sce__r1812005sce_psps_postevent_report_for_93021,,9,,,,2021-09-30,,,2021-09-30,,,1,,Los Angeles,,PDF page 9,False
dataset_only_outside_window,SCE,sce__sce_apr_1213_2021psps_post_event_report,,78,,,,2021-04-13,,,2021-04-13,,,2,,Inyo; Mono,,PDF page 5,False
dataset_only_in_window_no_shutoff,SCE,sce__sce_october_16_18_2021_psps_post_event_report,,0,,,,2021-10-16,,,,,,0,,,,,True
dataset_only_in_window_no_shutoff,SCE,sce__r1812005_sce_psps_post_event_report_for_10_22_22_high_threat_event,,0,,,,2022-10-22,,,,,,0,,,,,True
dataset_only_in_window_no_shutoff,SCE,sce__r1812005_sce_psps_post_event_report_for_9_9_22,,0,,,,2022-09-07,,,,,,0,,,,,True
dataset_only_in_window_no_shutoff,SCE,sce__sce_psps_post_event_report_for_06_15_22,,0,,,,2022-06-15,,,,,,0,,,,,True
dataset_only_in_window_no_shutoff,SCE,sce__r1812005_sce_psps_post_event_report_for_11_26_23_high_threat_event,,0,,,,2023-11-26,,,,,,0,,,,,True
dataset_only_in_window_no_shutoff,SCE,sce__sce_psps_post_event_report_10_11_2023_event,,0,,,,2023-10-11,,,,,,0,,,,,True
dataset_only_in_window_no_shutoff,SCE,sce__sce_psps_post_event_report_7_18_2023_event,,0,,,,2023-07-18,,,,,,0,,,,,True
dataset_only_in_window_no_shutoff,SCE,sce__r1812005_sce_psps_post_event_for_december_5_2024_high_threat,,0,,,,2024-12-05,,,,,,0,,,,,True
dataset_only_in_window_no_shutoff,SCE,sce__r1812005_sce_psps_post_event_for_july_19_2024_high_threat,,0,,,,2024-07-21,,,,,,0,,,,,True
dataset_only_in_window_no_shutoff,SCE,sce__r1812005_sce_psps_post_event_for_july_26_2024_high_threat,,0,,,,2024-07-26,,,,,,0,,,,,True
dataset_only_in_window_no_shutoff,SCE,sce__r1812005_sce_psps_post_event_for_october_8_2024_high_threat,,0,,,,2024-10-09,,,,,,0,,,,,True
dataset_only_in_window_no_shutoff,SCE,sce__r1812005_sce_psps_post_event_report_for_9_15_24_high_threat_event,,0,,,,2024-09-15,,,,,,0,,,,,True
dataset_only_in_window_no_shutoff,SCE,sce__r1812005sce_psps_post_event_report_for_61424_high_threat_event,,0,,,,2024-06-14,,,,,,0,,,,,True
dataset_only_in_window_no_shutoff,SCE,sce__r1812005sce_psps_postevent_for_december_26_2024_highthreat,,0,,,,2024-12-26,,,,,,0,,,,,True
dataset_only_in_window_no_shutoff,SCE,sce__r1812005sce_psps_postevent_for_december_31_2024_highthreat,,0,,,,2024-12-31,,,,,,0,,,,,True
dataset_only_in_window_no_shutoff,SCE,sce__r1812005sce_psps_postevent_for_november_28_2024_highthreat_event,,0,,,,2024-11-28,,,,,,0,,,,,True
dataset_only_in_window_no_shutoff,SCE,sce__r1812005_sce_psps_post_event_for_may_22_2025_high_threat,,0,,,,2025-05-22,,,,,,0,,,,,True
dataset_only_outside_window,SCE,sce__r1812005_sce_psps_post_event_report_for_7_26_26_de_energization_event,,65,,,,2026-07-26,,,,,,1,,Kern,,,True
dataset_only_outside_window,SCE,sce__r1812005sce_psps_postevent_for_july_22_2026_deenergization,,785,,,,2026-07-22,,,2026-07-23,,,1,,Santa Barbara,,PDF page 97,False
dataset_only_outside_window,SCE,sce__r1812005sce_psps_postevent_report_for_july_15_2026_deenergization,,453,,,,2026-07-15,,,2026-07-16,,,1,,Santa Barbara,,PDF page 100,False
dataset_only_outside_window,SCE,sce__sce_psps_postevent_report_for_june_26_2026_deenergization,,750,,,,2026-06-26,,,2026-06-28,,,5,,Inyo; Kern; Mono; San Bernardino; Tulare,,PDF page 97,False
dataset_only_outside_window,SDG&E,sdge__sdge_de_energization_report_dec_14_15_2017,,650,,,,2017-12-14,,,2017-12-15,,,,,,,PDF page 3,False
dataset_only_outside_window,SDG&E,sdge__sdge_de_energization_report_dec_4_2017,,14000,,,,2017-12-05,,,2017-12-11,,,,,,,PDF page 3,False
dataset_only_outside_window,SDG&E,sdge__sdge_de_energization_report_oct_20_21_2017,,3,,,,2017-10-20,,,2017-10-21,,,,,,,PDF page 2,False
dataset_only_outside_window,SDG&E,sdge__sdge_de_energization_report_sept_21_22_2017,,3,,,,2017-09-21,,,2017-09-22,,,,,,,PDF page 2,False
dataset_only_outside_window,SDG&E,sdge__sdgedeenergizationreportoct23252017,,88,,,,2017-10-23,,,2017-10-25,,,,,,,PDF page 3,False
dataset_only_outside_window,SDG&E,sdge__sdge_de_energization_report_jan_27_29_2018,,5800,,,,2018-01-27,,,2018-01-29,,,1,,San Diego,,PDF page 3,False
dataset_only_outside_window,SDG&E,sdge__sdge_de_energization_report_nov_11_16_2018,,20837,,,,2018-11-11,,,2018-11-16,,,1,,San Diego County,,PDF page 5,False
dataset_only_outside_window,SDG&E,sdge__sdge_de_energization_report_oct_15_16_2018,,379,,,,2018-10-15,,,2018-10-16,,,1,,San Diego County,,PDF page 3,False
dataset_only_outside_window,SDG&E,sdge__sdge_de_energization_report_oct_19_20_2018,,19,,,,2018-10-19,,,2018-10-20,,,,,,,PDF page 3,False
dataset_only_outside_window_no_shutoff,SDG&E,sdge__sdge_de_energization_report_nov_89_2018,,0,,,,2018-11-08,,,,,,0,,,,,True
dataset_only_outside_window,SDG&E,sdge__sdge_post_event_psps_report_october_10_to_11_2019,,395,,,,2019-10-10,,,2019-10-11,,,1,,San Diego County,,PDF page 5,False
dataset_only_outside_window_no_shutoff,SDG&E,sdge__sdge_post_event_psps_report_october_20november_1_0,,,,,,2019-10-24,,,2019-11-01,,,2,,San Diego; Orange,,PDF page 8,False
dataset_only_outside_window,SDG&E,sdge__sdge_psps_report_nov_1719_2019_1232019,,21,,,,2019-11-17,,,2019-11-18,,,1,,San Diego,,PDF page 6,False
dataset_only_outside_window,SDG&E,sdge__sdge_oct_26_27_2020_psps_post_event_report,,4373,,,,2020-10-26,,,2020-10-27,,,1,,San Diego County,,PDF page 10,False
dataset_only_outside_window,SDG&E,sdge__sdge_psps_post_event_report_december_23_24_final,,6797,,,,2020-12-23,,,2020-12-24,,,1,,San Diego,,PDF page 8,False
dataset_only_outside_window_no_shutoff,SDG&E,sdge__sdge_psps_postevent_reportnov_26dec_9_12232020,,,,,,2020-12-02,,,2020-12-10,,,1,,San Diego,,PDF page 13,False
dataset_only_outside_window_no_shutoff,SDG&E,sdge__sdge_sept_28_29_2020_psps_post_event_report,,0,,,,2020-09-28,,,,,,0,,,,,True
dataset_only_outside_window,SDG&E,sdge__sdge_sept_8_9_2020_psps_post_event_report,,49,,,,2020-09-08,,,2020-09-09,,,1,,San Diego,,PDF page 8,False
dataset_only_outside_window_no_shutoff,SDG&E,sdge__jan_1416_2021_sdge_psps_post_event_report,,0,,,,2021-01-14,,,,,,0,,,,,True
dataset_only_in_window_no_shutoff,SDG&E,sdge__r1812005_sdge_psps_postevent_report_oct_2931_2023_11_14_2023,,0,,,,2023-10-29,,,,,,0,,,,,True
