audit_id,group,report_id,field,queue_item,gold_set,dataset_value,dataset_review_method,round3_value,round4_agreed_value,old_gold,old_gold_certain,auditor_answer,auditor_page,auditor_note,unsure,seen,answered,dataset_agrees,old_gold_agrees,round4_agrees
A01,old_test_label,pge__10_17_2024_psps_post_event_report,first_deenergization,,round3,2024-10-17 12:57,model_labeled,2024-10-17 12:57,2024-10-17 12:57,2024-10-17 12:57,yes,2024-10-17 12:57:00,4,,False,False,True,True,True,True
A02,old_test_label,pge__7_20_2024_psps_post_event_report_08_02_2024,complaints_reported,,round2,one_or_more,model_labeled,one_or_more,one_or_more,one_or_more,yes,one_or_more,55,,False,False,True,True,True,True
A03,unflagged,pge__final_psps_10_22_22_weather_post_event_report_20221107,claims_reported,,,zero,unflagged,zero,,,,zero,67,,False,False,True,True,,
A04,queue,pge__jan_19_2021_pge_post_event_report,mbl_advance_notice,152,,some_not_notified,model_review_agreed,all_notified,some_not_notified,,,some_not_notified,37,"Table 3: 273 of 274 delivered, 1 not delivered",False,False,True,True,,True
A05,queue,pge__pge_post_event_report_9302023_event,complaints_reported,31,,not_stated,model_review_agreed,NO_MATCHING_PAGE,not_stated,,,not_stated,18,Report says Section 7 is not applicable because PSPS protocols weren't initiated; rules code that as not_stated.,False,False,True,True,,True
A06,queue,pge__pge_public_safety_power_shutoff_nov_2021_2019_report,mbl_advance_notice,222,,some_not_notified,model_review_agreed,some_not_notified,some_not_notified,,,some_not_notified,18,2424 of the 2432 medical baseline customers were contacted.,False,False,True,True,,True
A07,queue,pge__pge_public_safety_power_shutoff_nov_2021_2019_report,wind_threshold_cited,147,,met,model_review_agreed,not_stated,met,,,met,9,"There were several areas in which
breezy to gusty offshore winds at or above outage producing levels would combine with dry and receptive
fuels leading to increased fire potential.",False,False,True,True,,True
A08,unflagged,pge__pge_sept_7_10_2020_psps_post_event_report,first_deenergization,,,2020-09-07 04:25,unflagged,2020-09-07 04:25,,,,2020-09-07 04:25,56,"Pueblo 2103 at 9/7 4:25 (p56) is about 10 hours before any other 9/7 circuit and may be a report error, but nothing in the report says so; following the rule.",False,False,True,True,,
A09,queue,pge__psps_event_12_02_20_de_energization_report_final,wind_threshold_cited,148,,not_stated,model_review_agreed,not_stated,not_stated,,,not_stated,,"The page 56 line only says the scope was based on locations ""near or exceeding"" PSPS guidance. ""Near"" includes areas below the threshold, and ""PSPS guidance"" is a combined FPI/OPW fire-risk criterion, not a wind criterion. The observed 72 mph gust is never compared to any threshold, and nothing says winds fell short either, so ""Not met"" doesn't apply.",False,False,True,True,,True
A10,unflagged,pge__public_safety_power_shutoff_sept_25_27_2019,first_deenergization,,,2019-09-23 17:06,unflagged,2019-09-23 17:06,,,,2019-09-23 17:06,7;15,"Two-phase event; first de-energization Sept 23 at 17:06 (p7). The p4 table's 2020/09-25 02:46 is Bravo phase only, with a year typo.",False,False,True,True,,
A11,old_test_label,pge__r1812005pge1132025_psps_postevent_report01020224,mbl_advance_notice,,round2,all_notified,model_labeled,all_notified,all_notified,all_notified,yes,all_notified,39,,False,False,True,True,True,True
A12,old_test_label,pge__r1812005pge1132025_psps_postevent_report01020224,customers_deenergized,,round2,583,model_labeled,583,583,583,yes,583,9,,False,False,True,True,True,True
A13,unflagged,pge__r1812005pge51726_psps_postevent_reports1,wind_threshold_cited,,,not_stated,unflagged,not_stated,,,,not_stated,,,False,False,True,True,,
A14,queue,sce__20240808sce_psps_post_event_reportdeenergizedfinal,mbl_advance_notice,263,,all_notified,model_review_agreed,all_notified,all_notified,,,all_notified,6,There were people de energized but none of them were MBL so 0 were notified and 0 needed it.,False,False,True,True,,True
A15,old_test_label,sce__20250120sce_psps_post_event_reportdeenergizedfinal,customers_deenergized,,round2,152394,model_labeled,152394,152393,152393|152394,no,152393,7,,False,False,True,False,True,True
A16,unflagged,sce__nov_24_28_2020_sce_psps_post_event_report,canceled_after_notice,,,yes,unflagged,yes,,,,yes,16,"Additionally, as discussed below, any advance notifications to customers who were not deenergized, although not viewed by SCE as false positives, are being reported here for transparency purposes. SCE provided notice to 26,127 customers of potential deenergization but not all of these customers were de-energized",False,False,True,True,,
A17,unflagged,sce__r1812005_sce_psps_post_event_for_may_22_2025_high_threat,canceled_after_notice,,,yes,unflagged,yes,,,,yes,8,Everyone who was notified was cancelled because no one was de energized.,False,False,True,True,,
A18,queue,sce__r1812005_sce_psps_post_event_for_october_27_2024_de_energization,mbl_advance_notice,210,,all_notified,model_review_agreed,all_notified,all_notified,,,all_notified,27,132 customers and all notified.,False,False,True,True,,True
A19,queue,sce__r1812005_sce_psps_post_event_report_for_11_26_23_high_threat_event,wind_threshold_cited,172,,not_stated,model_review_agreed,not_stated,not_stated,,,not_stated,7,PSPS protacol not initiated so not applicable,False,False,True,True,,True
A20,queue,sce__r1812005_sce_psps_post_event_report_for_9_9_22,canceled_after_notice,142,,yes,model_review_agreed,no,yes,,,yes,9,All 79096 were notified and then cancelled.,False,False,True,True,,True
A21,unflagged,sce__r1812005sce_psps_postevent_for_november_13_2024_deenergization,first_deenergization,,,2024-11-13 15:45,unflagged,2024-11-13 15:45,,,,2024-11-13 15:45,21,Only one circuit de energized,False,False,True,True,,
A22,old_test_label,sce__r1812005sce_psps_postevent_for_november_28_2024_highthreat_event,first_deenergization,,round3,,model_labeled,,,null,yes,not_stated,7;8,"No customers de-energized (p7; Table 1 shows 0 de-energized, p8).",False,False,True,True,True,
A23,unflagged,sce__r1812005sce_psps_postevent_for_november_4_2024_deenergization,complaints_reported,,,one_or_more,unflagged,one_or_more,,,,one_or_more,34,1815 complaints,False,False,True,True,,
A24,queue,sce__r1812005sce_psps_postevent_for_october_8_2025_deenergization,mbl_advance_notice,187,,all_notified,model_review_agreed,some_not_notified,all_notified,,,all_notified,24,One person missed notive but circuit was removed from consideration so no power loss,False,False,True,True,,True
A25,old_test_label,sce__r1812005sce_psps_postevent_report_for_102221,mbl_advance_notice,,round2,all_notified,model_labeled,all_notified,all_notified,all_notified,yes,all_notified,32,,False,False,True,True,True,True
A26,queue,sce__sce_esrb_8_report_dec_29_2018_jan1_2019,complaints_reported,281,,one_or_more,model_review_agreed,one_or_more,one_or_more,,,one_or_more,7,"Summarize the number and nature of complaints received as the result of the deenergization event and include claims that are filed due to de-energization.
 Customer 1- The City of Corona reached out to their key account representative and
expressed concern, as this was the first time they had received notification of a
potential PSPS in their jurisdiction. The key account representative and Local Public
Affairs explained the potential impact of de-energizations in more detail to the caller.",False,False,True,True,,True
A27,unflagged,sce__sce_esrb_8_report_dec_29_2018_jan1_2019,last_restoration,,,2019-01-01 17:08,unflagged,2019-01-01 17:08,,,,2019-01-01 17:08,4,,False,False,True,True,,
A28,unflagged,sce__sce_esrb_8_report_regarding_october_12_through_october_16_2018,first_deenergization,,,,unflagged,,,,,not stated,9,No circuits were de energized,False,False,True,True,,
A29,queue,sce__sce_may_27_30_2020_psps_post_event_report,wind_threshold_cited,282,,not_stated,model_review_agreed,not_stated,not_stated,,,not_stated,3,No circuits were de energized,False,False,True,True,,True
A30,queue,sce__sce_nov_9_2025_psps_post_event_report,mbl_advance_notice,200,,all_notified,model_review_agreed,all_notified,all_notified,,,all_notified,27,,False,False,True,True,,True
A31,old_test_label,sce__sce_oct_16_2020_psps_post_event_report,canceled_after_notice,,round3,no,model_labeled,NO_MATCHING_PAGE,,no,no,no,5;10;38,UNSURE: no advance notices were sent; shutoff notices went only to the 86 customers de-energized (p38). Leaning no over not_stated.,True,False,True,True,True,
A32,old_test_label,sce__sce_oct_16_2020_psps_post_event_report,customers_deenergized,,round3,86,model_labeled,86,86,86,yes,86,3,,False,False,True,True,True,True
A33,old_test_label,sce__sce_oct_16_2020_psps_post_event_report,last_restoration,,round3,2020-10-16 18:12,model_labeled,2020-10-16 18:12,2020-10-16 18:12,2020-10-16 18:12,yes,2020-10-16 18:12,5,,False,False,True,True,True,True
A34,queue,sce__sce_october_16_18_2021_psps_post_event_report,wind_threshold_cited,215,,not_stated,model_review_agreed,not_stated,not_stated,,,not_stated,6,nothing de energized so not stated,False,False,True,True,,True
A35,unflagged,sce__sce_october_16_18_2021_psps_post_event_report,customers_deenergized,,,0,unflagged,0,,,,0,6,,False,False,True,True,,
A36,queue,sce__sce_psps_post_event_report_7_18_2023_event,wind_threshold_cited,228,,not_stated,model_review_agreed,not_stated,not_stated,,,not_stated,7,nothing de energized so not stated,False,False,True,True,,True
A37,queue,sce__sce_psps_post_event_report_june_28july8_2019_7222019,claims_reported,182,,not_stated,model_review_agreed,not_stated,not_stated,,,not_stated,,no mention,False,False,True,True,,True
A38,queue,sce__sce_psps_postevent_report_july_921_2019_822019,claims_reported,251,,not_stated,model_review_agreed,zero,not_stated,,,not_stated,,,False,False,True,True,,True
A39,queue,sce__sce_psps_postevent_reportaug_1217_2019_8302019,complaints_reported,89,,not_stated,model_review_agreed,zero,not_stated,,,not_stated,9,,False,False,True,True,,True
A40,old_test_label,sce__sce_psps_postevent_reportaug_310_2019_8222019,claims_reported,,round2,not_stated,model_labeled,not_stated,not_stated,not_stated,yes,not_stated,10,,False,False,True,True,True,True
A41,old_test_label,sce__sce_psps_postevent_reportjuly_29aug_2_2019_8162019,last_restoration,,round3,,model_labeled,,,null,yes,not_stated,3,No customers lost power so no last restoration time,False,False,True,True,True,
A42,unflagged,sce__sce_psps_postevent_reportoct_27nov_4_2019_11192019,first_deenergization,,,2019-10-27 03:57,unflagged,2019-10-27 03:57,,,,2019-10-27 03:57,5,,False,False,True,True,,
A43,queue,sce__sce_sept_5_11_2020_psps_post_event_report,canceled_after_notice,178,,yes,model_review_agreed,yes,yes,,,yes,,,False,False,True,True,,True
A44,old_test_label,sdge__r1812005_sdge_psps_postevent_report_jan_2024_2025_e_serve_2_24_2025,complaints_reported,,round2,one_or_more,model_labeled,one_or_more,one_or_more,one_or_more,yes,one_or_more,71,103 complaints,False,False,True,True,True,True
A45,queue,sdge__r1812005_sdge_psps_postevent_report_jan_2024_2025_e_serve_2_24_2025,last_restoration,22,,2025-01-24 15:48,model_review_agreed,2025-01-24 17:06,2025-01-24 15:48,,,2025-01-24 15:48,235,,False,False,True,True,,True
A46,queue,sdge__r1812005_sdge_psps_postevent_report_oct_2931_2023_11_14_2023,wind_threshold_cited,238,,not_stated,model_review_agreed,not_stated,not_stated,,,not_stated,6,nothing de energized so not stated,False,False,True,True,,True
A47,unflagged,sdge__sdge_de_energization_report_dec_14_15_2017,mbl_advance_notice,,,not_stated,unflagged,not_stated,,,,not_stated,,UNSURE: not stated,True,False,True,True,,
A48,queue,sdge__sdge_de_energization_report_dec_14_15_2017,complaints_reported,57,,not_stated,model_review_agreed,NO_MATCHING_PAGE,not_stated,,,not_stated,,,False,False,True,True,,True
A49,queue,sdge__sdge_de_energization_report_dec_14_15_2017,claims_reported,56,,not_stated,model_review_agreed,NO_MATCHING_PAGE,not_stated,,,not_stated,,,False,False,True,True,,True
A50,queue,sdge__sdge_de_energization_report_dec_4_2017,wind_threshold_cited,113,,not_stated,model_review_agreed,met,not_stated,,,not_stated,,,False,False,True,True,,True
A51,queue,sdge__sdge_de_energization_report_jan_27_29_2018,complaints_reported,63,,not_stated,model_review_agreed,NO_MATCHING_PAGE,not_stated,,,not_stated,,,False,False,True,True,,True
A52,queue,sdge__sdge_de_energization_report_jan_27_29_2018,claims_reported,62,,not_stated,model_review_agreed,NO_MATCHING_PAGE,not_stated,,,not_stated,,,False,False,True,True,,True
A53,queue,sdge__sdge_de_energization_report_oct_15_16_2018,wind_threshold_cited,211,,not_stated,model_review_agreed,not_stated,not_stated,,,not_stated,,,False,False,True,True,,True
A54,unflagged,sdge__sdge_de_energization_report_oct_19_20_2018,mbl_advance_notice,,,not_stated,unflagged,not_stated,,,,all_notified,,UNSURE: NOT REALLY SPECIFIC,True,False,True,False,,
A55,old_test_label,sdge__sdge_de_energization_report_oct_19_20_2018,customers_deenergized,,round2,19,model_labeled,19,19,19,yes,19,3,,False,False,True,True,True,True
A56,queue,sdge__sdge_de_energization_report_oct_20_21_2017,claims_reported,67,,not_stated,model_review_agreed,NO_MATCHING_PAGE,not_stated,,,not_stated,,,False,False,True,True,,True
A57,queue,sdge__sdge_de_energization_report_sept_21_22_2017,claims_reported,70,,not_stated,model_review_agreed,NO_MATCHING_PAGE,not_stated,,,not_stated,,,False,False,True,True,,True
A58,unflagged,sdge__sdge_de_energization_report_sept_21_22_2017,last_restoration,,,2017-09-22 09:14,unflagged,2017-09-22 09:14,,,,2017-09-22 09:14,2,,False,False,True,True,,
A59,old_test_label,sdge__sdge_oct_26_27_2020_psps_post_event_report,claims_reported,,round3,one_or_more,model_labeled,one_or_more,one_or_more,one_or_more,yes,one_or_more,,2 claims,False,False,True,True,True,True
A60,queue,sdge__sdge_sept_8_9_2020_psps_post_event_report,wind_threshold_cited,123,,not_stated,model_review_agreed,not_stated,not_stated,,,not_stated,,,False,False,True,True,,True
