utility,event_year,label,filename,listing,source_url
PG&E,2018,"Nov. 6-8, 2018 Pro-Active De-Energization Post Event Report",pge-psps-report-event--nov-6-8-2018.pdf,archive,https://www.cpuc.ca.gov/-/media/cpuc-website/divisions/safety-and-enforcement-division/reports/psps-post-event-reports/2019-and-earlier/pge-psps-report-event--nov-6-8-2018.pdf
PG&E,2018,"Oct. 13-17, 2018 Pro-Active De-Energization Post Event Report",pge-psps-report-letter-oct-13-17-2018.pdf,archive,https://www.cpuc.ca.gov/-/media/cpuc-website/divisions/safety-and-enforcement-division/reports/psps-post-event-reports/2019-and-earlier/pge-psps-report-letter-oct-13-17-2018.pdf
PG&E,2019,"Oct. 26 and 29, 2019 Pro-Active De-Energization Post Event Report",pge-esrb8-report-for-oct-26-29-2019.pdf,archive,https://www.cpuc.ca.gov/-/media/cpuc-website/divisions/safety-and-enforcement-division/reports/psps-post-event-reports/2019-and-earlier/pge-esrb8-report-for-oct-26-29-2019.pdf
PG&E,2019,"Jun. 7-9, 2019 Pro-Active De-Energization Post Event Report",pge-psps-report-letter-june-7-9-2019.pdf,archive,https://www.cpuc.ca.gov/-/media/cpuc-website/divisions/safety-and-enforcement-division/reports/psps-post-event-reports/2019-and-earlier/pge-psps-report-letter-june-7-9-2019.pdf
PG&E,2019,"Nov. 20-21, 2019 Pro-Active De-Energization Post Event Report",pge-public-safety-power-shutoff-nov-2021-2019-report.pdf,archive,https://www.cpuc.ca.gov/-/media/cpuc-website/divisions/safety-and-enforcement-division/reports/psps-post-event-reports/2019-and-earlier/pge-public-safety-power-shutoff-nov-2021-2019-report.pdf
PG&E,2019,"Oct. 23-25, 2019 Pro-Active De-Energization Post Event Report",pge-public-safety-power-shutoff-oct-2325-2019-report.pdf,archive,https://www.cpuc.ca.gov/-/media/cpuc-website/divisions/safety-and-enforcement-division/reports/psps-post-event-reports/2019-and-earlier/pge-public-safety-power-shutoff-oct-2325-2019-report.pdf
PG&E,2019,"Oct. 5-6, 2019 Pro-Active De-Energization Post Event Report",pge-public-safety-power-shutoff-oct-56-2019-report.pdf,archive,https://www.cpuc.ca.gov/-/media/cpuc-website/divisions/safety-and-enforcement-division/reports/psps-post-event-reports/2019-and-earlier/pge-public-safety-power-shutoff-oct-56-2019-report.pdf
PG&E,2019,"Oct. 9-12, 2019 Pro-Active De-Energization Post Event Repor",pge-public-safety-power-shutoff-oct-912-report.pdf,archive,https://www.cpuc.ca.gov/-/media/cpuc-website/divisions/safety-and-enforcement-division/reports/psps-post-event-reports/2019-and-earlier/pge-public-safety-power-shutoff-oct-912-report.pdf
PG&E,2019,"Sept. 25-27, 2019 Pro-Active De-Energization Post Event Report",public-safety-power-shutoff-sept-25-27-2019.pdf,archive,https://www.cpuc.ca.gov/-/media/cpuc-website/divisions/safety-and-enforcement-division/reports/psps-post-event-reports/2019-and-earlier/public-safety-power-shutoff-sept-25-27-2019.pdf
PG&E,2020,"Oct. 14-17, 2020: PSPS Post Event Report",pge-oct-14-17-2020-psps-post-event-report.pdf,archive,https://www.cpuc.ca.gov/-/media/cpuc-website/files/uploadedfiles/cpucwebsite/content/news_room/newsupdates/2020/pge-oct-14-17-2020-psps-post-event-report.pdf
PG&E,2020,"Oct. 25-28, 2020: PSPS Post Event Report",pge-oct-25-28-2020-psps-post-event-report.pdf,archive,https://www.cpuc.ca.gov/-/media/cpuc-website/files/uploadedfiles/cpucwebsite/content/news_room/newsupdates/2020/pge-oct-25-28-2020-psps-post-event-report.pdf
PG&E,2020,"Sept. 27-29, 2020: PSPS Post Event Report",pge-sept-27-29-2020-psps-post-event-report.pdf,archive,https://www.cpuc.ca.gov/-/media/cpuc-website/files/uploadedfiles/cpuc_public_website/content/news_room/news_and_updates/pge-sept-27-29-2020-psps-post-event-report.pdf
PG&E,2020,"Sept. 7-10, 2020: PSPS Post Event Report",pge-sept-7-10-2020-psps-post-event-report.pdf,archive,https://www.cpuc.ca.gov/-/media/cpuc-website/files/uploadedfiles/cpucwebsite/content/news_room/newsupdates/2020/pge-sept-7-10-2020-psps-post-event-report.pdf
PG&E,2020,"Dec. 2-3, 2020: PSPS Post Event Report",psps-event-12-02-20-de-energization-report-final.pdf,archive,https://www.cpuc.ca.gov/-/media/cpuc-website/files/uploadedfiles/cpucwebsite/content/news_room/newsupdates/2020/psps-event-12-02-20-de-energization-report-final.pdf
PG&E,2020,"Dec. 7, 2020: PSPS Post Event Report",psps-event-12-07-20-de-energization-report.pdf,archive,https://www.cpuc.ca.gov/-/media/cpuc-website/files/uploadedfiles/cpucwebsite/content/news_room/newsupdates/2020/psps-event-12-07-20-de-energization-report.pdf
PG&E,2021,"Jan 19, 2021: PG&E Post Event Report",jan-19-2021-pge-post-event-report.pdf,archive,https://www.cpuc.ca.gov/-/media/cpuc-website/divisions/safety-and-enforcement-division/reports/psps-post-event-reports/2021/jan-19-2021-pge-post-event-report.pdf
PG&E,2021,"Oct. 14-16, 2021: PG&E PSPS Post Event Report",pge-october-14-16-2021-psps-post-event-report.pdf,archive,https://www.cpuc.ca.gov/-/media/cpuc-website/divisions/safety-and-enforcement-division/reports/psps-post-event-reports/2021/pge-october-14-16-2021-psps-post-event-report.pdf
PG&E,2021,"Sept 20-21, 2021: PG&E PSPS Post Event Report",pspsreportletter092021.pdf,archive,https://www.cpuc.ca.gov/-/media/cpuc-website/divisions/safety-and-enforcement-division/reports/psps-post-event-reports/2021/pspsreportletter092021.pdf
PG&E,2022,"October 22-24, 2022: PG&E PSPS Post Event Report",final-psps_10-22-22_weather_post-event_report_20221107.pdf,archive,https://www.cpuc.ca.gov/-/media/cpuc-website/divisions/safety-and-enforcement-division/reports/psps-post-event-reports/2022/final-psps_10-22-22_weather_post-event_report_20221107.pdf
PG&E,2024,"July 5, 2024: PG&E PSPS Post-Event Report",07-05-2024_psps_post-event_report_20240719.pdf,current,https://www.cpuc.ca.gov/-/media/cpuc-website/divisions/safety-and-enforcement-division/reports/psps-post-event-reports/2024/07-05-2024_psps_post-event_report_20240719.pdf
PG&E,2024,"October 17, 2024: PG&E PSPS Post-Event Report",10-17-2024-psps-post-event-report.pdf,current,https://www.cpuc.ca.gov/-/media/cpuc-website/divisions/safety-and-enforcement-division/reports/psps-post-event-reports/2024/10-17-2024-psps-post-event-report.pdf
PG&E,2024,"July 20, 2024: PG&E PSPS Post-Event Report",7-20-2024-psps-post-event-report-08-02-2024.pdf,current,https://www.cpuc.ca.gov/-/media/cpuc-website/divisions/safety-and-enforcement-division/reports/psps-post-event-reports/2024/7-20-2024-psps-post-event-report-08-02-2024.pdf
PG&E,2024,"November 5, 2024: PG&E PSPS Post-Event Report",pge11052024pspsposteventreport.pdf,current,https://www.cpuc.ca.gov/-/media/cpuc-website/divisions/safety-and-enforcement-division/reports/psps-post-event-reports/2024/pge11052024pspsposteventreport.pdf
PG&E,2024,"July 2, 2024: PG&E PSPS Post-Event Report",pge_psps_post-event_report_20240702.pdf,current,https://www.cpuc.ca.gov/-/media/cpuc-website/divisions/safety-and-enforcement-division/reports/psps-post-event-reports/2024/pge_psps_post-event_report_20240702.pdf
PG&E,2024,"December 9, 2024: PG&E PSPS Post-Event Report",r1812005pge1292024-psps-postevent-report122324.pdf,current,https://www.cpuc.ca.gov/-/media/cpuc-website/divisions/safety-and-enforcement-division/reports/psps-post-event-reports/2024/r1812005pge1292024-psps-postevent-report122324.pdf
PG&E,2024,"September 30, 2024: PG&E PSPS Post-Event Report",r1812005psps-event-93010152024.pdf,current,https://www.cpuc.ca.gov/-/media/cpuc-website/divisions/safety-and-enforcement-division/reports/psps-post-event-reports/2024/r1812005psps-event-93010152024.pdf
PG&E,2025,"June 19, 2025: PG&E PSPS Post-Event Report",r1812005--pge06192025-psps-post-event-report_072125.pdf,current,https://www.cpuc.ca.gov/-/media/cpuc-website/divisions/safety-and-enforcement-division/reports/psps-post-event-reports/2025/r1812005--pge06192025-psps-post-event-report_072125.pdf
PG&E,2025,"January 13, 2025: PG&E PSPS Post-Event Report",r1812005pge1132025-psps-postevent-report01020224.pdf,current,https://www.cpuc.ca.gov/-/media/cpuc-website/divisions/safety-and-enforcement-division/reports/psps-post-event-reports/2025/r1812005pge1132025-psps-postevent-report01020224.pdf
PG&E,2025,"January 22, 2025: PG&E PSPS Post-Event Report",r1812005pge1222025-psps-postevent-report02072025.pdf,current,https://www.cpuc.ca.gov/-/media/cpuc-website/divisions/safety-and-enforcement-division/reports/psps-post-event-reports/2025/r1812005pge1222025-psps-postevent-report02072025.pdf
PG&E,2026,"May 17, 2026: PG&E PSPS Post-Event Report",r1812005pge51726-psps-postevent-reports1.pdf,current,https://www.cpuc.ca.gov/-/media/cpuc-website/divisions/safety-and-enforcement-division/reports/psps-post-event-reports/2026/r1812005pge51726-psps-postevent-reports1.pdf
PG&E,2026,"June 10, 2026: PG&E PSPS Post-Event Report",r1812005pge61026-psps-postevent-report62526.pdf,current,https://www.cpuc.ca.gov/-/media/cpuc-website/divisions/safety-and-enforcement-division/reports/psps-post-event-reports/2026/r1812005pge61026-psps-postevent-report62526.pdf
PG&E,2026,"July 15, 2026: PG&E PSPS Post-Event Report",r1812005pge71526-psps-postevent-report073026.pdf,current,https://www.cpuc.ca.gov/-/media/cpuc-website/divisions/safety-and-enforcement-division/reports/psps-post-event-reports/2026/r1812005pge71526-psps-postevent-report073026.pdf
SCE,2018,"Nov. 5-13, 2018 Potential Pro-Active De-Energization Report",sce-esrb-8-report-regarding-november-5-through-november-13-2018.pdf,archive,https://www.cpuc.ca.gov/-/media/cpuc-website/divisions/safety-and-enforcement-division/reports/psps-post-event-reports/2019-and-earlier/sce-esrb-8-report-regarding-november-5-through-november-13-2018.pdf
SCE,2018,"Oct. 12-16, 2018 Potential Pro-Active De-Energization Report",sce-esrb-8-report-regarding-october-12-through-october-16-2018.pdf,archive,https://www.cpuc.ca.gov/-/media/cpuc-website/divisions/safety-and-enforcement-division/reports/psps-post-event-reports/2019-and-earlier/sce-esrb-8-report-regarding-october-12-through-october-16-2018.pdf
SCE,2019,"Dec. 29, 2018 - Jan. 1, 2019 Pro-Active De-Energization Post Event Report",sce-esrb-8-report-dec-29-2018-jan1-2019.pdf,archive,https://www.cpuc.ca.gov/-/media/cpuc-website/divisions/safety-and-enforcement-division/reports/psps-post-event-reports/2019-and-earlier/sce-esrb-8-report-dec-29-2018-jan1-2019.pdf
SCE,2019,"Nov. 23-26, 2019 Proactive De-energization Post-Event Report",sce-nov-2326-2019-psps-postevent-report.pdf,archive,https://www.cpuc.ca.gov/-/media/cpuc-website/divisions/safety-and-enforcement-division/reports/psps-post-event-reports/2019/sce-nov-2326-2019-psps-postevent-report.pdf
SCE,2019,"Oct. 21-26, 2019 Pro-Active De-Energization Post Event Report",sce-post-event-reporting-october-21-through-october-26-2019.pdf,archive,https://www.cpuc.ca.gov/-/media/cpuc-website/consumer-support/documents/psps/2019/sce/sce-post-event-reporting-october-21-through-october-26-2019.pdf
SCE,2019,"Sept. 4-8, 2019 Pro-Active De-Energization Post Event Report",sce-post-event-reporting-september-4-through-september-8-2019.pdf,archive,https://www.cpuc.ca.gov/-/media/cpuc-website/consumer-support/documents/psps/2019/sce/sce-post-event-reporting-september-4-through-september-8-2019.pdf
SCE,2019,"Jun. 28-Jul. 8, 2019 Potential Pro-Active De-Energization Report",sce-psps-post-event-report-june-28july8-2019-7222019.pdf,archive,https://www.cpuc.ca.gov/-/media/cpuc-website/divisions/safety-and-enforcement-division/reports/psps-post-event-reports/2019/sce-psps-post-event-report-june-28july8-2019-7222019.pdf
SCE,2019,"Jun. 17-22, 2019 Potential Pro-Active De-Energization Report",sce-psps-post-event-reportjune-17-22-2019-752019.pdf,archive,https://www.cpuc.ca.gov/-/media/cpuc-website/divisions/safety-and-enforcement-division/reports/psps-post-event-reports/2019/sce-psps-post-event-reportjune-17-22-2019-752019.pdf
SCE,2019,"Jul. 9-21, 2019 Potential Pro-Active De-Energization Report",sce-psps-postevent-report-july-921-2019-822019.pdf,archive,https://www.cpuc.ca.gov/-/media/cpuc-website/divisions/safety-and-enforcement-division/reports/psps-post-event-reports/2019/sce-psps-postevent-report-july-921-2019-822019.pdf
SCE,2019,"Nov. 15-17, 2019 Proactive De-Energization Post Event Report",sce-psps-postevent-report-nov-1517-2019-1222019.pdf,archive,https://www.cpuc.ca.gov/-/media/cpuc-website/divisions/safety-and-enforcement-division/reports/psps-post-event-reports/2019/sce-psps-postevent-report-nov-1517-2019-1222019.pdf
SCE,2019,"Oct. 12-21, 2019 Pro-Active De-Energization Post Event Report",sce-psps-postevent-report-oct-1221-2019-1112019.pdf,archive,https://www.cpuc.ca.gov/-/media/cpuc-website/divisions/safety-and-enforcement-division/reports/psps-post-event-reports/2019/sce-psps-postevent-report-oct-1221-2019-1112019.pdf
SCE,2019,"Sept. 21-Oct. 1, 2019: Pro-Active De-Energization Post Event Report",sce-psps-postevent-report-sept-21oct1-2019-10152019.pdf,archive,https://www.cpuc.ca.gov/-/media/cpuc-website/consumer-support/documents/psps/2019/sce/sce-psps-postevent-report-sept-21oct1-2019-10152019.pdf
SCE,2019,"Aug. 12-17, 2019 Potential Pro-Active De-Energization Report",sce-psps-postevent-reportaug-1217-2019-8302019.pdf,archive,https://www.cpuc.ca.gov/-/media/cpuc-website/divisions/safety-and-enforcement-division/reports/psps-post-event-reports/2019/sce-psps-postevent-reportaug-1217-2019-8302019.pdf
SCE,2019,"Aug. 3-10, 2019: Pro-Active De-Energization Post Event Report",sce-psps-postevent-reportaug-310-2019-8222019.pdf,archive,https://www.cpuc.ca.gov/-/media/cpuc-website/consumer-support/documents/psps/2019/sce/sce-psps-postevent-reportaug-310-2019-8222019.pdf
SCE,2019,"Jul. 22-28, 2019: Pro-Active De-Energization Post Event Report",sce-psps-postevent-reportjuly-2228-2019-892019.pdf,archive,https://www.cpuc.ca.gov/-/media/cpuc-website/consumer-support/documents/psps/2019/sce/sce-psps-postevent-reportjuly-2228-2019-892019.pdf
SCE,2019,"Jul. 29-Aug. 2, 2019: Pro-Active De-Energization Post Event Report",sce-psps-postevent-reportjuly-29aug-2-2019-8162019.pdf,archive,https://www.cpuc.ca.gov/-/media/cpuc-website/consumer-support/documents/psps/2019/sce/sce-psps-postevent-reportjuly-29aug-2-2019-8162019.pdf
SCE,2019,"Oct. 2-12, 2019 Pro-Active De-Energization Post Event Report",sce-psps-postevent-reportoct-212-2019-10252019.pdf,archive,https://www.cpuc.ca.gov/-/media/cpuc-website/divisions/safety-and-enforcement-division/reports/psps-post-event-reports/2019/sce-psps-postevent-reportoct-212-2019-10252019.pdf
SCE,2019,"Oct. 27-Nov. 4, 2019 Proactive De-Energization Post Event Report",sce-psps-postevent-reportoct-27nov-4-2019-11192019.pdf,archive,https://www.cpuc.ca.gov/-/media/cpuc-website/divisions/safety-and-enforcement-division/reports/psps-post-event-reports/2019/sce-psps-postevent-reportoct-27nov-4-2019-11192019.pdf
SCE,2019,"Sept. 9-19, 2019: Pro-Active De-Energization Post Event Report",sce-psps-postevent-reportsept-919-2019-1032019.pdf,archive,https://www.cpuc.ca.gov/-/media/cpuc-website/consumer-support/documents/psps/2019/sce/sce-psps-postevent-reportsept-919-2019-1032019.pdf
SCE,2020,"Nov. 29-Dec. 4, 2020: PSPS Post Event Report",2020-11-29-sce-psps-post-event-report-final.pdf,archive,https://www.cpuc.ca.gov/-/media/cpuc-website/files/uploadedfiles/cpucwebsite/content/news_room/newsupdates/2020/2020-11-29-sce-psps-post-event-report-final.pdf
SCE,2020,"Nov. 14-18, 2020: PSPS Post Event Report",nov-14-18-2020-sce-psps-post-event-report.pdf,archive,https://www.cpuc.ca.gov/-/media/cpuc-website/files/uploadedfiles/cpucwebsite/content/news_room/newsupdates/2020/nov-14-18-2020-sce-psps-post-event-report.pdf
SCE,2020,"Nov. 24-28, 2020: PSPS Post Event Report",nov-24-28-2020-sce-psps-post-event-report.pdf,archive,https://www.cpuc.ca.gov/-/media/cpuc-website/files/uploadedfiles/cpucwebsite/content/news_room/newsupdates/2020/nov-24-28-2020-sce-psps-post-event-report.pdf
SCE,2020,"Nov. 3-7, 2020: PSPS Post Event Report",nov-3-7-2020-sce-psps-post-event-report.pdf,archive,https://www.cpuc.ca.gov/-/media/cpuc-website/files/uploadedfiles/cpucwebsite/content/news_room/newsupdates/2020/nov-3-7-2020-sce-psps-post-event-report.pdf
SCE,2020,"June 25-28, 2020: PSPS Post Event Report",sce-jun-25-28-2020-psps-post-event-report.pdf,archive,https://www.cpuc.ca.gov/-/media/cpuc-website/files/uploadedfiles/cpucwebsite/content/news_room/newsupdates/2020/sce-jun-25-28-2020-psps-post-event-report.pdf
SCE,2020,"May 27-30, 2020: PSPS Post Event Report",sce-may-27-30-2020-psps-post-event-report.pdf,archive,https://www.cpuc.ca.gov/-/media/cpuc-website/files/uploadedfiles/cpucwebsite/content/news_room/newsupdates/2020/sce-may-27-30-2020-psps-post-event-report.pdf
SCE,2020,"Oct, 16, 2020: PSPS Post Event Report",sce-oct-16-2020-psps-post-event-report.pdf,archive,https://www.cpuc.ca.gov/-/media/cpuc-website/files/uploadedfiles/cpucwebsite/content/news_room/newsupdates/2020/sce-oct-16-2020-psps-post-event-report.pdf
SCE,2020,"Oct. 23-28, 2020: PSPS Post Event Report",sce-oct-23-28-2020-psps-post-event-report.pdf,archive,https://www.cpuc.ca.gov/-/media/cpuc-website/files/uploadedfiles/cpucwebsite/content/news_room/newsupdates/2020/sce-oct-23-28-2020-psps-post-event-report.pdf
SCE,2020,"July 31-Aug. 4, 2020: PSPS Post Event Report",sce-psps-post-event-report-2020-july-31-to-august-4.pdf,archive,https://www.cpuc.ca.gov/-/media/cpuc-website/files/uploadedfiles/cpucwebsite/content/news_room/newsupdates/2020/sce-psps-post-event-report-2020-july-31-to-august-4.pdf
SCE,2020,"Sept. 5-11, 2020: PSPS Post Event Report",sce-sept-5-11-2020-psps-post-event-report.pdf,archive,https://www.cpuc.ca.gov/-/media/cpuc-website/files/uploadedfiles/cpucwebsite/content/news_room/newsupdates/2020/sce-sept-5-11-2020-psps-post-event-report.pdf
SCE,2021,"June 14, 2021: SCE PSPS Post Event Report",2021614sce-post-event-report-final.pdf,archive,https://www.cpuc.ca.gov/-/media/cpuc-website/divisions/safety-and-enforcement-division/documents/2021614sce-post-event-report-final.pdf
SCE,2021,"Jan 12-21, 2021: SCE PSPS Post Event Report",jan-1221-2021-sce-psps-post-event-report.pdf,archive,https://www.cpuc.ca.gov/-/media/cpuc-website/divisions/safety-and-enforcement-division/reports/psps-post-event-reports/2021/jan-1221-2021-sce-psps-post-event-report.pdf
SCE,2021,"Nov. 21, 2021: SCE PSPS Post Event Report",r1812005-sce-psps-postevent-report-for-112121.pdf,archive,https://www.cpuc.ca.gov/-/media/cpuc-website/divisions/safety-and-enforcement-division/reports/psps-post-event-reports/2021/r1812005-sce-psps-postevent-report-for-112121.pdf
SCE,2021,"Oct. 22, 2021: SCE PSPS Post Event Report",r1812005sce-psps-postevent-report-for-102221.pdf,archive,https://www.cpuc.ca.gov/-/media/cpuc-website/divisions/safety-and-enforcement-division/reports/psps-post-event-reports/2021/r1812005sce-psps-postevent-report-for-102221.pdf
SCE,2021,"Sept 30, 2021: SCE PSPS Post Event Report",r1812005sce-psps-postevent-report-for-93021.pdf,archive,https://www.cpuc.ca.gov/-/media/cpuc-website/divisions/safety-and-enforcement-division/reports/psps-post-event-reports/2021/r1812005sce-psps-postevent-report-for-93021.pdf
SCE,2021,"April 12-13, 2021: SCE PSPS Post Event Report",sce-apr-1213-2021psps-post-event-report.pdf,archive,https://www.cpuc.ca.gov/-/media/cpuc-website/divisions/safety-and-enforcement-division/reports/psps-post-event-reports/2021/sce-apr-1213-2021psps-post-event-report.pdf
SCE,2021,"Oct. 11, 2021: SCE PSPS Post Event Report",sce-october-11-2021-psps-post-event-report.pdf,archive,https://www.cpuc.ca.gov/-/media/cpuc-website/divisions/safety-and-enforcement-division/reports/psps-post-event-reports/2021/sce-october-11-2021-psps-post-event-report.pdf
SCE,2021,"Oct. 15, 2021: SCE PSPS Post Event Report",sce-october-15-2021-psps-post-event-report.pdf,archive,https://www.cpuc.ca.gov/-/media/cpuc-website/divisions/safety-and-enforcement-division/reports/psps-post-event-reports/2021/sce-october-15-2021-psps-post-event-report.pdf
SCE,2021,"Oct. 16-18, 2021: SCE PSPS Post Event Report",sce-october-16-18-2021-psps-post-event-report.pdf,archive,https://www.cpuc.ca.gov/-/media/cpuc-website/divisions/safety-and-enforcement-division/reports/psps-post-event-reports/2021/sce-october-16-18-2021-psps-post-event-report.pdf
SCE,2022,"October 22, 2022: SCE PSPS Post Event Report",r1812005-sce-psps-post-event-report-for-10-22-22-high-threat-event.pdf,archive,https://www.cpuc.ca.gov/-/media/cpuc-website/divisions/safety-and-enforcement-division/reports/psps-post-event-reports/2022/r1812005-sce-psps-post-event-report-for-10-22-22-high-threat-event.pdf
SCE,2022,"November 19, 2022: SCE PSPS Post Event Report",r1812005-sce-psps-post-event-report-for-11-19-22-de-energization-event.pdf,archive,https://www.cpuc.ca.gov/-/media/cpuc-website/divisions/safety-and-enforcement-division/reports/psps-post-event-reports/2022/r1812005-sce-psps-post-event-report-for-11-19-22-de-energization-event.pdf
SCE,2022,"November 24, 2022: SCE PSPS Post Event Report",r1812005-sce-psps-post-event-report-for-11-24-22-de-energization-event.pdf,archive,https://www.cpuc.ca.gov/-/media/cpuc-website/divisions/safety-and-enforcement-division/reports/psps-post-event-reports/2022/r1812005-sce-psps-post-event-report-for-11-24-22-de-energization-event.pdf
SCE,2022,"September 7-9, 2022: SCE Post Event Report",r1812005-sce-psps-post-event-report-for-9-9-22.pdf,archive,https://www.cpuc.ca.gov/-/media/cpuc-website/divisions/safety-and-enforcement-division/reports/psps-post-event-reports/2022/r1812005-sce-psps-post-event-report-for-9-9-22.pdf
SCE,2022,"June 15, 2022: SCE PSPS Post Event Report",sce-psps-post-event-report-for-06-15-22.pdf,archive,https://www.cpuc.ca.gov/-/media/cpuc-website/divisions/safety-and-enforcement-division/reports/psps-post-event-reports/2022/sce-psps-post-event-report-for-06-15-22.pdf
SCE,2022,"July 22-23, 2022: SCE PSPS Post Event Report",wildfire_072222_scepspsposteventreport.pdf,archive,https://www.cpuc.ca.gov/-/media/cpuc-website/divisions/safety-and-enforcement-division/reports/psps-post-event-reports/2022/wildfire_072222_scepspsposteventreport.pdf
SCE,2023,"October 29, 2023: SCE PSPS Post-Event Report",20231029-sce-psps-post-event-reportdeenergizedfinal.pdf,archive,https://www.cpuc.ca.gov/-/media/cpuc-website/divisions/safety-and-enforcement-division/reports/psps-post-event-reports/2023/20231029-sce-psps-post-event-reportdeenergizedfinal.pdf
SCE,2023,"November 26, 2023: SCE PSPS Post-Event Report",r1812005-sce-psps-post-event-report-for-11-26-23-high-threat-event.pdf,archive,https://www.cpuc.ca.gov/-/media/cpuc-website/divisions/safety-and-enforcement-division/reports/psps-post-event-reports/2023/r1812005-sce-psps-post-event-report-for-11-26-23-high-threat-event.pdf
SCE,2023,"December 8, 2023: SCE PSPS Post-Event Report",r1812005-sce-psps-post-event-report-for-12-9-23-de-energization-event.pdf,archive,https://www.cpuc.ca.gov/-/media/cpuc-website/divisions/safety-and-enforcement-division/reports/psps-post-event-reports/2023/r1812005-sce-psps-post-event-report-for-12-9-23-de-energization-event.pdf
SCE,2023,"November 8, 2023: SCE PSPS Post-Event Report",r1812005-sce-psps-postevent-report-for-11092023-deenergization-event.pdf,archive,https://www.cpuc.ca.gov/-/media/cpuc-website/divisions/safety-and-enforcement-division/reports/psps-post-event-reports/2023/r1812005-sce-psps-postevent-report-for-11092023-deenergization-event.pdf
SCE,2023,"October 11, 2023: SCE PSPS Post-Event Report",sce-psps-post-event-report-10-11-2023-event.pdf,archive,https://www.cpuc.ca.gov/-/media/cpuc-website/divisions/safety-and-enforcement-division/reports/psps-post-event-reports/2023/sce-psps-post-event-report-10-11-2023-event.pdf
SCE,2023,"July 11, 2023: SCE PSPS Post-Event Report",sce-psps-post-event-report-7-11-2023-event.pdf,archive,https://www.cpuc.ca.gov/-/media/cpuc-website/divisions/safety-and-enforcement-division/reports/psps-post-event-reports/2023/sce-psps-post-event-report-7-11-2023-event.pdf
SCE,2023,"July 18, 2023: SCE PSPS Post-Event Report",sce-psps-post-event-report-7-18-2023-event.pdf,archive,https://www.cpuc.ca.gov/-/media/cpuc-website/divisions/safety-and-enforcement-division/reports/psps-post-event-reports/2023/sce-psps-post-event-report-7-18-2023-event.pdf
SCE,2024,"August 8, 2024: SCE PSPS Post-Event Repot",20240808sce-psps-post-event-reportdeenergizedfinal.pdf,current,https://www.cpuc.ca.gov/-/media/cpuc-website/divisions/safety-and-enforcement-division/reports/psps-post-event-reports/2024/20240808sce-psps-post-event-reportdeenergizedfinal.pdf
SCE,2024,"December 14, 2024: SCE PSPS Post-Event Report",20241217sce-psps-post-event-reportdeenergized-final.pdf,current,https://www.cpuc.ca.gov/-/media/cpuc-website/divisions/safety-and-enforcement-division/reports/psps-post-event-reports/2024/20241217sce-psps-post-event-reportdeenergized-final.pdf
SCE,2024,"August 23, 2024: SCE PSPS Post-Event Report",r1812005-sce-psps-post-event-for-august-24-2024.pdf,current,https://www.cpuc.ca.gov/-/media/cpuc-website/divisions/safety-and-enforcement-division/reports/psps-post-event-reports/2024/r1812005-sce-psps-post-event-for-august-24-2024.pdf
SCE,2024,"December 5, 2024: SCE PSPS Post-Event Report",r1812005-sce-psps-post-event-for-december-5-2024-high-threat.pdf,current,https://www.cpuc.ca.gov/-/media/cpuc-website/divisions/safety-and-enforcement-division/reports/psps-post-event-reports/2024/r1812005-sce-psps-post-event-for-december-5-2024-high-threat.pdf
SCE,2024,"December 9, 2024: SCE PSPS Post-Event Report",r1812005-sce-psps-post-event-for-december-9-2024-de-energization.pdf,current,https://www.cpuc.ca.gov/-/media/cpuc-website/divisions/safety-and-enforcement-division/reports/psps-post-event-reports/2024/r1812005-sce-psps-post-event-for-december-9-2024-de-energization.pdf
SCE,2024,"July 21, 2024: SCE PSPS Post-Event Report",r1812005-sce-psps-post-event-for-july-19-2024-high-threat.pdf,current,https://www.cpuc.ca.gov/-/media/cpuc-website/divisions/safety-and-enforcement-division/reports/psps-post-event-reports/2024/r1812005-sce-psps-post-event-for-july-19-2024-high-threat.pdf
SCE,2024,"July 26, 2024: SCE PSPS Post-Event Report",r1812005-sce-psps-post-event-for-july-26-2024-high-threat.pdf,current,https://www.cpuc.ca.gov/-/media/cpuc-website/divisions/safety-and-enforcement-division/reports/psps-post-event-reports/2024/r1812005-sce-psps-post-event-for-july-26-2024-high-threat.pdf
SCE,2024,"October 2, 2024: SCE PSPS Post-Event Report",r1812005-sce-psps-post-event-for-october-1-2024-de-energization.pdf,current,https://www.cpuc.ca.gov/-/media/cpuc-website/divisions/safety-and-enforcement-division/reports/psps-post-event-reports/2024/r1812005-sce-psps-post-event-for-october-1-2024-de-energization.pdf
SCE,2024,"October 17, 2024: SCE PSPS Post-Event Report",r1812005-sce-psps-post-event-for-october-17-2024-de-energization.pdf,current,https://www.cpuc.ca.gov/-/media/cpuc-website/divisions/safety-and-enforcement-division/reports/psps-post-event-reports/2024/r1812005-sce-psps-post-event-for-october-17-2024-de-energization.pdf
SCE,2024,"October 27, 2024: SCE PSPS Post-Event Report",r1812005-sce-psps-post-event-for-october-27-2024-de-energization.pdf,current,https://www.cpuc.ca.gov/-/media/cpuc-website/divisions/safety-and-enforcement-division/reports/psps-post-event-reports/2024/r1812005-sce-psps-post-event-for-october-27-2024-de-energization.pdf
SCE,2024,"October 9, 2024: SCE PSPS Post-Event Report",r1812005-sce-psps-post-event-for-october-8-2024-high-threat.pdf,current,https://www.cpuc.ca.gov/-/media/cpuc-website/divisions/safety-and-enforcement-division/reports/psps-post-event-reports/2024/r1812005-sce-psps-post-event-for-october-8-2024-high-threat.pdf
SCE,2024,"September 15, 2024: SCE PSPS Post-Event Report",r1812005-sce-psps-post-event-report-for-9-15-24-high-threat-event.pdf,current,https://www.cpuc.ca.gov/-/media/cpuc-website/divisions/safety-and-enforcement-division/reports/psps-post-event-reports/2024/r1812005-sce-psps-post-event-report-for-9-15-24-high-threat-event.pdf
SCE,2024,"September 7, 2024: SCE PSPS Post-Event Report",r1812005-sce-psps-post-event-report-for-9-7-24-de-energization-event.pdf,current,https://www.cpuc.ca.gov/-/media/cpuc-website/divisions/safety-and-enforcement-division/reports/psps-post-event-reports/2024/r1812005-sce-psps-post-event-report-for-9-7-24-de-energization-event.pdf
SCE,2024,"June 14, 2024: SCE PSPS Post-Event Report",r1812005sce-psps-post-event-report-for-61424-high-threat-event.pdf,current,https://www.cpuc.ca.gov/-/media/cpuc-website/divisions/safety-and-enforcement-division/reports/psps-post-event-reports/2024/r1812005sce-psps-post-event-report-for-61424-high-threat-event.pdf
SCE,2024,"December 26, 2024: SCE PSPS Post-Event Report",r1812005sce-psps-postevent-for-december-26-2024-highthreat.pdf,current,https://www.cpuc.ca.gov/-/media/cpuc-website/divisions/safety-and-enforcement-division/reports/psps-post-event-reports/2024/r1812005sce-psps-postevent-for-december-26-2024-highthreat.pdf
SCE,2024,"December 31, 2024: SCE PSPS Post-Event Report",r1812005sce-psps-postevent-for-december-31-2024-highthreat.pdf,current,https://www.cpuc.ca.gov/-/media/cpuc-website/divisions/safety-and-enforcement-division/reports/psps-post-event-reports/2024/r1812005sce-psps-postevent-for-december-31-2024-highthreat.pdf
SCE,2024,"November 11, 2024: SCE PSPS Post-Event Report",r1812005sce-psps-postevent-for-november-13-2024-deenergization.pdf,current,https://www.cpuc.ca.gov/-/media/cpuc-website/divisions/safety-and-enforcement-division/reports/psps-post-event-reports/2024/r1812005sce-psps-postevent-for-november-13-2024-deenergization.pdf
SCE,2024,"November 18, 2024: SCE PSPS Post-Event Report",r1812005sce-psps-postevent-for-november-20-2024-deenergization.pdf,current,https://www.cpuc.ca.gov/-/media/cpuc-website/divisions/safety-and-enforcement-division/reports/psps-post-event-reports/2024/r1812005sce-psps-postevent-for-november-20-2024-deenergization.pdf
SCE,2024,"November 28, 2024: SCE PSPS Post-Event Report",r1812005sce-psps-postevent-for-november-28-2024-highthreat-event.pdf,current,https://www.cpuc.ca.gov/-/media/cpuc-website/divisions/safety-and-enforcement-division/reports/psps-post-event-reports/2024/r1812005sce-psps-postevent-for-november-28-2024-highthreat-event.pdf
SCE,2024,"November 4, 2024: SCE PSPS Post-Event Report",r1812005sce-psps-postevent-for-november-4-2024-deenergization.pdf,current,https://www.cpuc.ca.gov/-/media/cpuc-website/divisions/safety-and-enforcement-division/reports/psps-post-event-reports/2024/r1812005sce-psps-postevent-for-november-4-2024-deenergization.pdf
SCE,2025,"January 3, 2025: SCE PSPS Post-Event Report",20250104sce-psps-post-event-reportdeenergizedfinal.pdf,current,https://www.cpuc.ca.gov/-/media/cpuc-website/divisions/safety-and-enforcement-division/reports/psps-post-event-reports/2025/20250104sce-psps-post-event-reportdeenergizedfinal.pdf
SCE,2025,"January 20, 2025: SCE PSPS Post-Event Report",20250120sce-psps-post-event-reportdeenergizedfinal.pdf,current,https://www.cpuc.ca.gov/-/media/cpuc-website/divisions/safety-and-enforcement-division/reports/psps-post-event-reports/2025/20250120sce-psps-post-event-reportdeenergizedfinal.pdf
SCE,2025,"August 11, 2025: SCE PSPS Post-Event Report ",r1812005-sce-psps-post-event-for-august-10-2025-de--energization.pdf,current,https://www.cpuc.ca.gov/-/media/cpuc-website/divisions/safety-and-enforcement-division/reports/psps-post-event-reports/2025/r1812005-sce-psps-post-event-for-august-10-2025-de--energization.pdf
SCE,2025,"June 30, 2025: SCE PSPS Post-Event Report",r1812005-sce-psps-post-event-for-july-1-2025-de--energization.pdf,current,https://www.cpuc.ca.gov/-/media/cpuc-website/divisions/safety-and-enforcement-division/reports/psps-post-event-reports/2025/r1812005-sce-psps-post-event-for-july-1-2025-de--energization.pdf
SCE,2025,"July 15, 2025: SCE PSPS Post-Event Report",r1812005-sce-psps-post-event-for-july-15-2025-de--energization.pdf,current,https://www.cpuc.ca.gov/-/media/cpuc-website/divisions/safety-and-enforcement-division/reports/psps-post-event-reports/2025/r1812005-sce-psps-post-event-for-july-15-2025-de--energization.pdf
SCE,2025,"July 20, 2025: SCE PSPS Post-Event Report",r1812005-sce-psps-post-event-for-july-23-2025-de--energization.pdf,current,https://www.cpuc.ca.gov/-/media/cpuc-website/divisions/safety-and-enforcement-division/reports/psps-post-event-reports/2025/r1812005-sce-psps-post-event-for-july-23-2025-de--energization.pdf
SCE,2025,"May 22, 2025: SCE PSPS Post-Event Report",r1812005-sce-psps-post-event-for-may-22-2025-high-threat.pdf,current,https://www.cpuc.ca.gov/-/media/cpuc-website/divisions/safety-and-enforcement-division/reports/psps-post-event-reports/2025/r1812005-sce-psps-post-event-for-may-22-2025-high-threat.pdf
SCE,2025,"August 1, 2025: SCE PSPS Post-Event Report",r1812005sce-psps-postevent-for-august-1-2025-de-energization.pdf,current,https://www.cpuc.ca.gov/-/media/cpuc-website/divisions/safety-and-enforcement-division/reports/psps-post-event-reports/2025/r1812005sce-psps-postevent-for-august-1-2025-de-energization.pdf
SCE,2025,"June 10, 2025: SCE PSPS Post-Event Report",r1812005sce-psps-postevent-for-june-10-2025-deenergization.pdf,current,https://www.cpuc.ca.gov/-/media/cpuc-website/divisions/safety-and-enforcement-division/reports/psps-post-event-reports/2025/r1812005sce-psps-postevent-for-june-10-2025-deenergization.pdf
SCE,2025,"November 5, 2025: SCE PSPS Post-Event Report",r1812005sce-psps-postevent-for-november-5-2025-deenergization.pdf,current,https://www.cpuc.ca.gov/-/media/cpuc-website/divisions/safety-and-enforcement-division/reports/psps-post-event-reports/2025/sce-nov-5/r1812005sce-psps-postevent-for-november-5-2025-deenergization.pdf
SCE,2025,"October 28, 2025: SCE PSPS Post-Event Report",r1812005sce-psps-postevent-for-october-28-2025-deenergization.pdf,current,https://www.cpuc.ca.gov/-/media/cpuc-website/divisions/safety-and-enforcement-division/reports/psps-post-event-reports/2025/sce-oct-28/r1812005sce-psps-postevent-for-october-28-2025-deenergization.pdf
SCE,2025,"October 8, 2025: SCE PSPS Post Event Report",r1812005sce-psps-postevent-for-october-8-2025-deenergization.pdf,current,https://www.cpuc.ca.gov/-/media/cpuc-website/divisions/safety-and-enforcement-division/reports/psps-post-event-reports/2025/r1812005sce-psps-postevent-for-october-8-2025-deenergization.pdf
SCE,2025,"November 9, 2025: SCE PSPS Post-Event Report",sce-nov-9-2025-psps-post-event-report.pdf,current,https://www.cpuc.ca.gov/-/media/cpuc-website/divisions/safety-and-enforcement-division/reports/psps-post-event-reports/2025/sce-nov-9-2025-psps-post-event-report.pdf
SCE,2026,"July 26, 2026: SCE PSPS Post-Event Report",r1812005-sce-psps-post-event-report-for-7-26-26-de-energization-event.pdf,current,https://www.cpuc.ca.gov/-/media/cpuc-website/divisions/safety-and-enforcement-division/reports/psps-post-event-reports/2026/r1812005-sce-psps-post-event-report-for-7-26-26-de-energization-event.pdf
SCE,2026,"July 22, 2026: SCE PSPS Post-Event Report",r1812005sce-psps-postevent-for-july-22-2026-deenergization.pdf,current,https://www.cpuc.ca.gov/-/media/cpuc-website/divisions/safety-and-enforcement-division/reports/psps-post-event-reports/2026/r1812005sce-psps-postevent-for-july-22-2026-deenergization.pdf
SCE,2026,"July 15, 2026: SCE PSPS Post-Event Report",r1812005sce-psps-postevent-report-for-july-15-2026-deenergization.pdf,current,https://www.cpuc.ca.gov/-/media/cpuc-website/divisions/safety-and-enforcement-division/reports/psps-post-event-reports/2026/r1812005sce-psps-postevent-report-for-july-15-2026-deenergization.pdf
SCE,2026,"June 26, 2026: SCE PSPS Post-Event Report",sce-psps-postevent-report-for-june-26-2026-deenergization.pdf,current,https://www.cpuc.ca.gov/-/media/cpuc-website/divisions/safety-and-enforcement-division/reports/psps-post-event-reports/2026/sce-2026/sce-psps-postevent-report-for-june-26-2026-deenergization.pdf
SDG&E,2017,"Dec. 14-15, 2017 Pro-Active De-Energization Post Event Report",sdge-de-energization-report-dec-14-15-2017.pdf,archive,https://www.cpuc.ca.gov/-/media/cpuc-website/divisions/safety-and-enforcement-division/reports/psps-post-event-reports/2019-and-earlier/sdge-de-energization-report-dec-14-15-2017.pdf
SDG&E,2017,"Dec. 4-12, 2017 Pro-Active De-Energization Post Event Report",sdge-de-energization-report-dec-4-2017.pdf,archive,https://www.cpuc.ca.gov/-/media/cpuc-website/divisions/safety-and-enforcement-division/reports/psps-post-event-reports/2019-and-earlier/sdge-de-energization-report-dec-4-2017.pdf
SDG&E,2017,"Oct. 20-21, 2017 Pro-Active De-Energization Post Event Report",sdge-de-energization-report-oct-20-21-2017.pdf,archive,https://www.cpuc.ca.gov/-/media/cpuc-website/divisions/safety-and-enforcement-division/reports/psps-post-event-reports/2019-and-earlier/sdge-de-energization-report-oct-20-21-2017.pdf
SDG&E,2017,"Sept. 21-22, 2017 Pro-Active De-Energization Post Event Report",sdge-de-energization-report-sept-21-22--2017.pdf,archive,https://www.cpuc.ca.gov/-/media/cpuc-website/divisions/safety-and-enforcement-division/reports/psps-post-event-reports/2019-and-earlier/sdge-de-energization-report-sept-21-22--2017.pdf
SDG&E,2017,"Oct. 23-25, 2017 Pro-Active De-Energization Post Event Report",sdgedeenergizationreportoct23252017.pdf,archive,https://www.cpuc.ca.gov/-/media/cpuc-website/divisions/safety-and-enforcement-division/reports/psps-post-event-reports/2019-and-earlier/sdgedeenergizationreportoct23252017.pdf
SDG&E,2018,"Jan. 27-29, 2018 Pro-Active De-Energization Post Event Report",sdge-de-energization-report-jan-27-29-2018.pdf,archive,https://www.cpuc.ca.gov/-/media/cpuc-website/divisions/safety-and-enforcement-division/reports/psps-post-event-reports/2019-and-earlier/sdge-de-energization-report-jan-27-29-2018.pdf
SDG&E,2018,"Nov. 11-16, 2018 Pro-Active De-Energization Post Event Report",sdge-de-energization-report-nov-11-16-2018.pdf,archive,https://www.cpuc.ca.gov/-/media/cpuc-website/divisions/safety-and-enforcement-division/reports/psps-post-event-reports/2019-and-earlier/sdge-de-energization-report-nov-11-16-2018.pdf
SDG&E,2018,"Oct. 15-16, 2018 Pro-Active De-Energization Post Event Report",sdge-de-energization-report-oct-15-16-2018.pdf,archive,https://www.cpuc.ca.gov/-/media/cpuc-website/divisions/safety-and-enforcement-division/reports/psps-post-event-reports/2019-and-earlier/sdge-de-energization-report-oct-15-16-2018.pdf
SDG&E,2018,"Oct. 19-20, 2018 Pro-Active De-Energization Post Event Report",sdge-de-energization-report-oct-19-20-2018.pdf,archive,https://www.cpuc.ca.gov/-/media/cpuc-website/divisions/safety-and-enforcement-division/reports/psps-post-event-reports/2019-and-earlier/sdge-de-energization-report-oct-19-20-2018.pdf
SDG&E,2018,"Nov. 8-9, 2018: De-Energization Post Event Report",sdge-de-energization-report_nov-89-2018.pdf,archive,https://www.cpuc.ca.gov/-/media/cpuc-website/divisions/safety-and-enforcement-division/reports/psps-post-event-reports/2019-and-earlier/sdge-de-energization-report_nov-89-2018.pdf
SDG&E,2019,"Oct. 10-11, 2019 Pro-Active De-Energization Post Event Report",sdge-post-event-psps-report-october-10-to-11-2019.pdf,archive,https://www.cpuc.ca.gov/-/media/cpuc-website/divisions/safety-and-enforcement-division/reports/psps-post-event-reports/2019/sdge-post-event-psps-report-october-10-to-11-2019.pdf
SDG&E,2019,"Oct. 20-Nov. 1, 2019 Pro-Active De-Energization Post Event Report",sdge-post-event-psps-report_october-20november-1_0.pdf,archive,https://www.cpuc.ca.gov/-/media/cpuc-website/divisions/safety-and-enforcement-division/reports/psps-post-event-reports/2019/sdge-post-event-psps-report_october-20november-1_0.pdf
SDG&E,2019,"Nov. 17-18, 2019: Pro-Active De-Energization Post Event Report",sdge-psps-report-nov-1719-2019-1232019.pdf,archive,https://www.cpuc.ca.gov/-/media/cpuc-website/consumer-support/documents/psps/2019/sdge/sdge-psps-report-nov-1719-2019-1232019.pdf
SDG&E,2020,"Oct. 26-27, 2020: PSPS Post Event Report",sdge-oct-26-27-2020-psps-post-event-report.pdf,archive,https://www.cpuc.ca.gov/-/media/cpuc-website/files/uploadedfiles/cpucwebsite/content/news_room/newsupdates/2020/sdge-oct-26-27-2020-psps-post-event-report.pdf
SDG&E,2020,"Dec. 23-24, 2020: PSPS Post Event Report",sdge-psps-post-event-report_december-23-24-final.pdf,archive,https://www.cpuc.ca.gov/-/media/cpuc-website/divisions/safety-and-enforcement-division/reports/psps-post-event-reports/2020/sdge-psps-post-event-report_december-23-24-final.pdf
SDG&E,2020,"Nov. 26-Dec. 9, 2020: PSPS Post Event Report",sdge-psps-postevent-reportnov-26dec-9-12232020.pdf,archive,https://www.cpuc.ca.gov/-/media/cpuc-website/divisions/safety-and-enforcement-division/reports/psps-post-event-reports/2020/sdge-psps-postevent-reportnov-26dec-9-12232020.pdf
SDG&E,2020,"Sept. 28-29, 2020: PSPS Post Event Report",sdge-sept-28-29-2020-psps-post-event-report.pdf,archive,https://www.cpuc.ca.gov/-/media/cpuc-website/files/uploadedfiles/cpuc_public_website/content/news_room/news_and_updates/sdge-sept-28-29-2020-psps-post-event-report.pdf
SDG&E,2021,"Jan 14-16, 2021: SDGE PSPS Post Event Report",jan-1416-2021-sdge-psps-post-event-report.pdf,archive,https://www.cpuc.ca.gov/-/media/cpuc-website/divisions/safety-and-enforcement-division/reports/psps-post-event-reports/2021/jan-1416-2021-sdge-psps-post-event-report.pdf
SDG&E,2023,"October 29, 2023: SDG&E PSPS Post-Event Report",r1812005-sdge-psps-postevent-report-oct-2931-2023-11-14-2023.pdf,archive,https://www.cpuc.ca.gov/-/media/cpuc-website/divisions/safety-and-enforcement-division/reports/psps-post-event-reports/2023/r1812005-sdge-psps-postevent-report-oct-2931-2023-11-14-2023.pdf
SDG&E,2024,"December 9, 2024: SDG&E PSPS Post-Event Report",r1812005-sdge-psps-postevent-report-dec-911-2024--1-10-2025.pdf,current,https://www.cpuc.ca.gov/-/media/cpuc-website/divisions/safety-and-enforcement-division/reports/psps-post-event-reports/2024/r1812005-sdge-psps-postevent-report-dec-911-2024--1-10-2025.pdf
SDG&E,2025,"January 20, 2025: SDG&E PSPS Post-Event Report",r1812005-sdge-psps-postevent-report-jan-2024-2025-e-serve-2-24-2025.pdf,current,https://www.cpuc.ca.gov/-/media/cpuc-website/divisions/safety-and-enforcement-division/reports/psps-post-event-reports/2025/r1812005-sdge-psps-postevent-report-jan-2024-2025-e-serve-2-24-2025.pdf
SDG&E,2025,"January 7, 2025: SDG&E PSPS Post-Event Report",r1812005-sdge-psps-postevent-reportjan-716-2025-eserve.pdf,current,https://www.cpuc.ca.gov/-/media/cpuc-website/divisions/safety-and-enforcement-division/reports/psps-post-event-reports/2025/r1812005-sdge-psps-postevent-reportjan-716-2025-eserve.pdf
