geoid,name,place_type,lat,lon
0600135,Acalanes Ridge,CDP,37.904725,-122.078567
0600156,Acampo,CDP,38.173529,-121.279892
0600212,Acton,CDP,34.496070,-118.183897
0600296,Adelanto,city,34.580902,-117.439458
0600310,Adin,CDP,41.199312,-120.956779
0600394,Agoura Hills,city,34.148942,-118.763930
0600450,Agua Dulce,CDP,34.501678,-118.320680
0600464,Aguanga,CDP,33.452287,-116.855470
0600478,Ahwahnee,CDP,37.365423,-119.716561
0600535,Airport,CDP,37.633883,-120.972006
0600562,Alameda,city,37.741911,-122.259914
0600618,Alamo,CDP,37.854768,-122.013557
0600674,Albany,city,37.890650,-122.318116
0600716,Albion,CDP,39.225327,-123.757586
0600786,Alderpoint,CDP,40.161347,-123.615729
0600884,Alhambra,city,34.083571,-118.136444
0600898,Alhambra Valley,CDP,37.966744,-122.135998
0600947,Aliso Viejo,city,33.579210,-117.728898
0600982,Alleghany,CDP,39.466660,-120.841126
0600996,Allendale,CDP,38.442986,-121.983330
0601010,Allensworth,CDP,35.849878,-119.389209
0601094,Almanor,CDP,40.214494,-121.176220
0601150,Alondra Park,CDP,33.890155,-118.335678
0601164,Alpaugh,CDP,35.889037,-119.485809
0601192,Alpine,CDP,32.842487,-116.755911
0601228,Alpine Village,CDP,38.779346,-119.807785
0601276,Alta,CDP,39.215685,-120.798509
0601290,Altadena,CDP,34.192212,-118.135589
0601358,Alta Sierra,CDP,35.725776,-118.545166
0601360,Alta Sierra,CDP,39.126174,-121.049085
0601416,Alto,CDP,37.905581,-122.518718
0601444,Alturas,city,41.489136,-120.551286
0601458,Alum Rock,CDP,37.369387,-121.823806
0601514,Amador City,city,38.418994,-120.823263
0601518,Amador Pines,CDP,38.489631,-120.533305
0601640,American Canyon,city,38.179033,-122.259602
0601651,Amesti,CDP,36.959483,-121.781739
0602000,Anaheim,city,33.855502,-117.758657
0602028,Anchor Bay,CDP,38.812653,-123.570267
0602042,Anderson,city,40.449755,-122.295070
0602112,Angels,city,38.071037,-120.551729
0602168,Angwin,CDP,38.577875,-122.451224
0602210,Antelope,CDP,38.715330,-121.360962
0602252,Antioch,city,37.978336,-121.796064
0602294,Anza,CDP,33.561590,-116.696066
0602364,Apple Valley,town,34.533376,-117.210358
0602378,Aptos,CDP,36.991150,-121.893457
0602382,Aptos Hills-Larkin Valley,CDP,36.963492,-121.835214
0602420,Arbuckle,CDP,39.014185,-122.061041
0602462,Arcadia,city,34.132689,-118.036347
0602476,Arcata,city,40.862291,-124.074967
0602553,Arden-Arcade,CDP,38.600647,-121.384643
0602700,Armona,CDP,36.316607,-119.705380
0602770,Arnold,CDP,38.249049,-120.349327
0602812,Aromas,CDP,36.874755,-121.630732
0602868,Arroyo Grande,city,35.124149,-120.584533
0602896,Artesia,city,33.867591,-118.080634
0602910,Artois,CDP,39.633179,-122.189758
0602924,Arvin,city,35.194361,-118.830569
0602980,Ashland,CDP,37.694197,-122.115937
0603026,Aspen Springs,CDP,37.548791,-118.699663
0603064,Atascadero,city,35.485718,-120.687942
0603092,Atherton,town,37.457072,-122.201058
0603162,Atwater,city,37.354049,-120.597177
0603190,Auberry,CDP,37.088654,-119.450757
0603204,Auburn,city,38.895075,-121.076739
0603205,Auburn Lake Trails,CDP,38.886238,-120.979699
0603209,August,CDP,37.979644,-121.262510
0603274,Avalon,city,33.343335,-118.317615
0603302,Avenal,city,36.031107,-120.116174
0603316,Avery,CDP,38.206826,-120.372262
0603330,Avila Beach,CDP,35.199355,-120.720757
0603344,Avocado Heights,CDP,34.039039,-117.998167
0603386,Azusa,city,34.138524,-117.912253
0603512,Baker,CDP,35.276918,-116.071735
0603526,Bakersfield,city,35.353171,-119.037919
0603546,Bakersfield Country Club,CDP,35.389891,-118.940915
0603666,Baldwin Park,city,34.082824,-117.971286
0603694,Ballard,CDP,34.639948,-120.110989
0603708,Ballico,CDP,37.451917,-120.703707
0603792,Bangor,CDP,39.376087,-121.411654
0603820,Banning,city,33.945903,-116.899044
0604030,Barstow,city,34.866987,-117.043035
0604198,Bass Lake,CDP,37.327282,-119.565326
0604415,Bay Point,CDP,38.032254,-121.962236
0604470,Bayview,CDP,38.006234,-122.320165
0604478,Bayview,CDP,40.765360,-124.178624
0604549,Baywood Park,CDP,37.529163,-122.341637
0604576,Beale AFB,CDP,39.108061,-121.351215
0604632,Bear Creek,CDP,37.296601,-120.417676
0604716,Bear Valley,CDP,38.472321,-120.051847
0604730,Bear Valley,CDP,37.574740,-120.136098
0604734,Bear Valley Springs,CDP,35.178355,-118.669618
0604758,Beaumont,city,33.876722,-116.953009
0604772,Beckwourth,CDP,39.843931,-120.414009
0604856,Belden,CDP,40.006783,-121.248191
0604870,Bell,city,33.979704,-118.179249
0604926,Bella Vista,CDP,40.651205,-122.256370
0604938,Bell Canyon,CDP,34.208148,-118.687574
0604982,Bellflower,city,33.887821,-118.127250
0604996,Bell Gardens,city,33.964379,-118.154437
0605108,Belmont,city,37.514398,-122.294475
0605164,Belvedere,city,37.873567,-122.470995
0605262,Benbow,CDP,40.060267,-123.765381
0605276,Bend,CDP,40.255092,-122.210916
0605290,Benicia,city,38.072733,-122.155169
0605332,Ben Lomond,CDP,37.078212,-122.088102
0605346,Benton,CDP,37.822438,-118.487687
0605356,Benton Park,CDP,35.346437,-119.029811
0606000,Berkeley,city,37.865673,-122.298725
0606028,Bermuda Dunes,CDP,33.743490,-116.287335
0606070,Berry Creek,CDP,39.631812,-121.405621
0606150,Bertsch-Oceanview,CDP,41.751727,-124.170214
0606210,Bethel Island,CDP,38.028130,-121.629851
0606308,Beverly Hills,city,34.079230,-118.402437
0606336,Bieber,CDP,41.138451,-121.117006
0606406,Big Bear City,CDP,34.254118,-116.796378
0606434,Big Bear Lake,city,34.242888,-116.893893
0606475,Big Bend,CDP,41.011624,-121.930434
0606518,Big Creek,CDP,37.203565,-119.248489
0606560,Biggs,city,39.411509,-121.711375
0606567,Big Lagoon,CDP,41.159427,-124.129746
0606616,Big Pine,CDP,37.165507,-118.296262
0606635,Big River,CDP,34.139823,-114.362099
0606728,Biola,CDP,36.799938,-120.021038
0606798,Bishop,city,37.366381,-118.395808
0606928,Blackhawk,CDP,37.809629,-121.913241
0606935,Blacklake,CDP,35.049689,-120.538642
0606982,Black Point-Green Point,CDP,38.110651,-122.519097
0606994,Blairsden,CDP,39.775205,-120.610845
0607036,Bloomfield,CDP,38.322069,-122.834464
0607064,Bloomington,CDP,34.060067,-117.401237
0607162,Blue Lake,city,40.880993,-123.994912
0607172,Bluewater,CDP,34.175431,-114.264962
0607218,Blythe,city,33.653520,-114.621823
0607246,Bodega,CDP,38.348841,-122.971164
0607260,Bodega Bay,CDP,38.327472,-123.029926
0607274,Bodfish,CDP,35.573416,-118.486441
0607316,Bolinas,CDP,37.917725,-122.709502
0607372,Bombay Beach,CDP,33.355610,-115.726902
0607378,Bonadelle Ranchos,CDP,36.968806,-119.892779
0607414,Bonita,CDP,32.673217,-117.006101
0607470,Bonny Doon,CDP,37.043577,-122.136972
0607498,Bonsall,CDP,33.274876,-117.191863
0607512,Boonville,CDP,39.011474,-123.374043
0607525,Bootjack,CDP,37.474044,-119.883800
0607568,Boron,CDP,35.019780,-117.665938
0607578,Boronda,CDP,36.694632,-121.674512
0607596,Borrego Springs,CDP,33.240965,-116.357119
0607624,Bostonia,CDP,32.818985,-116.942264
0607652,Boulder Creek,CDP,37.134099,-122.127208
0607694,Boulevard,CDP,32.664022,-116.289601
0607750,Bowles,CDP,36.608873,-119.752564
0607848,Boyes Hot Springs,CDP,38.312633,-122.488738
0607946,Bradbury,city,34.153159,-117.968818
0607974,Bradley,CDP,35.862840,-120.804268
0608058,Brawley,city,32.978454,-115.528569
0608100,Brea,city,33.925178,-117.865111
0608142,Brentwood,city,37.935578,-121.718970
0608172,Bret Harte,CDP,37.602078,-121.004380
0608240,Bridgeport,CDP,38.255210,-119.210424
0608310,Brisbane,city,37.675750,-122.383302
0608338,Broadmoor,CDP,37.691495,-122.481339
0608478,Brookdale,CDP,37.105732,-122.110623
0608506,Brooks,CDP,38.736880,-122.146807
0608530,Brooktrails,CDP,39.443283,-123.393800
0608680,Buckhorn,CDP,38.454797,-120.532334
0608716,Buck Meadows,CDP,37.807046,-120.075237
0608744,Bucks Lake,CDP,39.879560,-121.199081
0608758,Buellton,city,34.615497,-120.194237
0608786,Buena Park,city,33.857353,-118.007373
0608828,Buena Vista,CDP,38.297487,-120.917402
0608954,Burbank,city,34.190079,-118.326405
0608968,Burbank,CDP,37.321084,-121.930618
0609066,Burlingame,city,37.589952,-122.363342
0609122,Burney,CDP,40.889362,-121.675465
0609150,Burnt Ranch,CDP,40.811335,-123.508261
0609310,Butte Creek Canyon,CDP,39.744502,-121.707131
0609318,Butte Meadows,CDP,40.085310,-121.542683
0609324,Butte Valley,CDP,39.668815,-121.645888
0609332,Buttonwillow,CDP,35.409229,-119.440668
0609346,Byron,CDP,37.875644,-121.642120
0609353,Bystrom,CDP,37.619390,-120.981254
0609360,Cabazon,CDP,33.912726,-116.782831
0609598,Calabasas,city,34.134252,-118.666455
0609710,Calexico,city,32.684859,-115.494738
0609780,California City,city,35.146590,-117.869346
0609822,California Hot Springs,CDP,35.887568,-118.655022
0609834,California Pines,CDP,41.413786,-120.665310
0609835,California Polytechnic State University,CDP,35.306981,-120.667276
0609864,Calimesa,city,33.987349,-117.054240
0609878,Calipatria,city,33.168651,-115.485641
0609892,Calistoga,city,38.581408,-122.582696
0609948,Callender,CDP,35.047972,-120.575908
0609990,Calpella,CDP,39.233721,-123.193760
0610004,Calpine,CDP,39.663381,-120.439277
0610032,Calwa,CDP,36.713477,-119.760860
0610042,Camanche North Shore,CDP,38.244218,-120.953915
0610044,Camanche Village,CDP,38.266481,-120.986575
0610046,Camarillo,city,34.221823,-119.032154
0610074,Cambria,CDP,35.552069,-121.084137
0610088,Cambrian Park,CDP,37.256059,-121.928778
0610256,Cameron Park,CDP,38.674029,-120.988338
0610270,Camino,CDP,38.742265,-120.680811
0610301,Camino Tassajara,CDP,37.790886,-121.885052
0610345,Campbell,city,37.280244,-121.953296
0610494,Camp Nelson,CDP,36.141978,-118.610710
0610508,Campo,CDP,32.640965,-116.474516
0610536,Campo Seco,CDP,38.220743,-120.859054
0610554,Camp Pendleton Mainside,CDP,33.307209,-117.331048
0610561,Camp Pendleton South,CDP,33.231824,-117.391998
0610676,Camptonville,CDP,39.452072,-121.048668
0610732,Canby,CDP,41.452293,-120.888319
0610816,Cantua Creek,CDP,36.500045,-120.316361
0610914,Canyondam,CDP,40.169867,-121.076986
0610928,Canyon Lake,city,33.688302,-117.263547
0611040,Capitola,city,36.976083,-121.954012
0611166,Caribou,CDP,40.073244,-121.165670
0611194,Carlsbad,city,33.129284,-117.284183
0611250,Carmel-by-the-Sea,city,36.552881,-121.921919
0611324,Carmel Valley Village,CDP,36.500627,-121.731820
0611376,Carmet,CDP,38.374452,-123.071859
0611390,Carmichael,CDP,38.630812,-121.325636
0611418,Carnelian Bay,CDP,39.235165,-120.078207
0611446,Carpinteria,city,34.385234,-119.500759
0611481,Carrick,CDP,41.446746,-122.363457
0611530,Carson,city,33.840367,-118.249574
0611600,Cartago,CDP,36.305239,-118.027166
0611614,Caruthers,CDP,36.539907,-119.845027
0611656,Casa Conejo,CDP,34.184731,-118.944517
0611691,Casa de Oro-Mount Helix,CDP,32.763961,-116.968808
0611696,Casa Loma,CDP,35.343230,-118.998711
0611754,Casmalia,CDP,34.837799,-120.531044
0611768,Caspar,CDP,39.363063,-123.804194
0611782,Cassel,CDP,40.925021,-121.548476
0611796,Castaic,CDP,34.477444,-118.632681
0611824,Castella,CDP,41.177248,-122.287241
0611915,Castle Hill,CDP,37.874718,-122.058582
0611964,Castro Valley,CDP,37.708276,-122.062769
0611978,Castroville,CDP,36.764840,-121.753376
0612048,Cathedral City,city,33.835487,-116.463103
0612062,Catheys Valley,CDP,37.427706,-120.096038
0612132,Cayucos,CDP,35.439581,-120.889828
0612146,Cazadero,CDP,38.527831,-123.109799
0612216,Cedar Flat,CDP,39.206907,-120.094902
0612300,Cedar Ridge,CDP,38.065736,-120.273869
0612314,Cedar Slope,CDP,36.145464,-118.578881
0612328,Cedarville,CDP,41.528683,-120.174433
0612412,Centerville,CDP,36.736117,-119.496006
0612415,Centerville,CDP,40.542902,-122.464505
0612524,Ceres,city,37.598786,-120.968081
0612552,Cerritos,city,33.867745,-118.069471
0612594,Chalfant,CDP,37.492115,-118.390408
0612612,Challenge-Brownsville,CDP,39.464617,-121.263250
0612669,Channel Islands Beach,CDP,34.168960,-119.228542
0612730,Charleston View,CDP,35.964629,-115.897235
0612734,Charter Oak,CDP,34.102492,-117.856282
0612818,Cherokee,CDP,39.650877,-121.533646
0612860,Cherokee Strip,CDP,35.469567,-119.261525
0612902,Cherryland,CDP,37.679216,-122.103777
0612916,Cherry Valley,CDP,33.979642,-116.969371
0612930,Chester,CDP,40.301675,-121.232503
0613014,Chico,city,39.758951,-121.817720
0613077,Chilcoot-Vinton,CDP,39.806744,-120.138861
0613157,China Lake Acres,CDP,35.640019,-117.766458
0613182,Chinese Camp,CDP,37.870215,-120.444225
0613210,Chino,city,33.975627,-117.667351
0613214,Chino Hills,city,33.942969,-117.725648
0613278,Choctaw Valley,CDP,35.448555,-118.887191
0613294,Chowchilla,city,37.116104,-120.241978
0613364,Chualar,CDP,36.571113,-121.510295
0613392,Chula Vista,city,32.627670,-117.015170
0613560,Citrus,CDP,34.113438,-117.891301
0613588,Citrus Heights,city,38.694810,-121.287953
0613756,Claremont,city,34.124926,-117.713920
0613784,Clarksburg,CDP,38.419335,-121.541617
0613854,Clay,CDP,38.314038,-121.159591
0613882,Clayton,city,37.940322,-121.930075
0613910,Clear Creek,CDP,40.307086,-121.055400
0613945,Clearlake,city,38.960045,-122.633232
0613966,Clearlake Oaks,CDP,39.020605,-122.656939
0613985,Clearlake Riviera,CDP,38.951383,-122.722243
0614008,Cleone,CDP,39.490153,-123.775692
0614106,Clio,CDP,39.754217,-120.566728
0614148,Clipper Mills,CDP,39.532424,-121.166552
0614190,Cloverdale,city,38.794795,-123.014703
0614218,Clovis,city,36.827809,-119.681843
0614232,Clyde,CDP,38.025390,-122.028016
0614260,Coachella,city,33.690380,-116.143128
0614274,Coalinga,city,36.133014,-120.339005
0614288,Coarsegold,CDP,37.239184,-119.700972
0614302,Cobb,CDP,38.835329,-122.722435
0614406,Coffee Creek,CDP,41.079673,-122.716906
0614442,Cohasset,CDP,39.902152,-121.745368
0614450,Cold Springs,CDP,38.746440,-120.873807
0614454,Cold Springs,CDP,38.161335,-120.053527
0614484,Coleville,CDP,38.580561,-119.502863
0614498,Colfax,city,39.093799,-120.953222
0614554,College City,CDP,39.006085,-122.005134
0614708,Collierville,CDP,38.212831,-121.264972
0614736,Colma,town,37.676697,-122.452821
0614764,Coloma,CDP,38.802616,-120.894635
0614890,Colton,city,34.054525,-117.325029
0614904,Columbia,CDP,38.031227,-120.413398
0614946,Colusa,city,39.200023,-122.009481
0614974,Commerce,city,33.994523,-118.149952
0615030,Comptche,CDP,39.265134,-123.589715
0615044,Compton,city,33.894047,-118.227469
0616000,Concord,city,37.972184,-122.001587
0616035,Concow,CDP,39.770316,-121.513493
0616090,Contra Costa Centre,CDP,37.925963,-122.053977
0616210,Copperopolis,CDP,37.939092,-120.625141
0616224,Corcoran,city,36.084057,-119.561268
0616322,Corning,city,39.928200,-122.182009
0616350,Corona,city,33.861969,-117.565495
0616378,Coronado,city,32.656721,-117.156376
0616420,Coronita,CDP,33.875877,-117.610983
0616434,Corralitos,CDP,36.984230,-121.789432
0616462,Corte Madera,town,37.931846,-122.507738
0616532,Costa Mesa,city,33.665905,-117.912336
0616560,Cotati,city,38.328492,-122.710049
0616580,Coto de Caza,CDP,33.597037,-117.586484
0616623,Cottonwood,CDP,35.345588,-118.985856
0616630,Cottonwood,CDP,40.390291,-122.315631
0616644,Coulterville,CDP,37.712573,-120.196062
0616651,Country Club,CDP,37.968036,-121.340482
0616714,Courtland,CDP,38.332911,-121.557026
0616728,Covelo,CDP,39.800187,-123.252601
0616742,Covina,city,34.090475,-117.882143
0616762,Cowan,CDP,37.560105,-120.988787
0617022,Crescent City,city,41.764514,-124.200779
0617050,Crescent Mills,CDP,40.100741,-120.921706
0617078,Cressey,CDP,37.421030,-120.655690
0617106,Crest,CDP,32.800020,-116.867078
0617162,Crestline,CDP,34.254077,-117.286709
0617232,Creston,CDP,35.517097,-120.518136
0617267,C-Road,CDP,39.762728,-120.577051
0617274,Crockett,CDP,38.051919,-122.220127
0617288,Cromberg,CDP,39.868383,-120.690446
0617372,Crowley Lake,CDP,37.568742,-118.746421
0617428,Crows Landing,CDP,37.394443,-121.075166
0617498,Cudahy,city,33.964003,-118.182561
0617568,Culver City,city,34.005820,-118.396781
0617610,Cupertino,city,37.319400,-122.044957
0617708,Cutler,CDP,36.524664,-119.288829
0617722,Cutten,CDP,40.765684,-124.144461
0617727,Cuyama,CDP,34.931057,-119.614880
0617750,Cypress,city,33.818477,-118.038307
0617876,Dales,CDP,40.317989,-122.053844
0617918,Daly City,city,37.701684,-122.464968
0617946,Dana Point,city,33.475452,-117.693087
0617988,Danville,town,37.812142,-121.969824
0617995,Daphnedale Park,CDP,41.506864,-120.548069
0618030,Darwin,CDP,36.268803,-117.589004
0618086,Davenport,CDP,37.017779,-122.187885
0618100,Davis,city,38.556147,-121.737793
0618153,Day Valley,CDP,37.025439,-121.855931
0618324,Deer Park,CDP,38.535176,-122.470152
0618352,Del Aire,CDP,33.916738,-118.369290
0618394,Delano,city,35.766430,-119.264221
0618422,Del Dios,CDP,33.075682,-117.119036
0618450,Delft Colony,CDP,36.513809,-119.446522
0618464,Delhi,CDP,37.430599,-120.775899
0618485,Delleker,CDP,39.813251,-120.489671
0618506,Del Mar,city,32.963945,-117.259804
0618590,Del Monte Forest,CDP,36.583834,-121.946714
0618674,Del Rey,CDP,36.656464,-119.598135
0618688,Del Rey Oaks,city,36.589699,-121.829527
0618695,Del Rio,CDP,37.745907,-121.009293
0618856,Denair,CDP,37.525398,-120.797433
0618926,Derby Acres,CDP,35.244025,-119.603833
0618940,Descanso,CDP,32.869565,-116.627878
0618982,Desert Center,CDP,33.737799,-115.366622
0618986,Desert Edge,CDP,33.922289,-116.440092
0618996,Desert Hot Springs,city,33.957591,-116.542284
0619022,Desert Palms,CDP,33.779144,-116.298219
0619024,Desert Shores,CDP,33.403803,-116.039206
0619052,Desert View Highlands,CDP,34.590263,-118.153537
0619150,Diablo,CDP,37.840774,-121.956477
0619155,Diablo Grande,CDP,37.399047,-121.263511
0619192,Diamond Bar,city,34.001573,-117.817601
0619220,Diamond Springs,CDP,38.692014,-120.838684
0619248,Di Giorgio,CDP,35.249118,-118.844154
0619262,Dillon Beach,CDP,38.243488,-122.955955
0619318,Dinuba,city,36.545096,-119.398882
0619339,Discovery Bay,CDP,37.908131,-121.597196
0619402,Dixon,city,38.447512,-121.824223
0619406,Dixon Lane-MeadowCreek,CDP,37.386388,-118.415273
0619416,Dobbins,CDP,39.356590,-121.210378
0619440,Dogtown,CDP,38.208667,-121.154809
0619455,Dollar Point,CDP,39.189626,-120.109426
0619570,Dorrington,CDP,38.304479,-120.266321
0619584,Dorris,city,41.964965,-121.920387
0619612,Dos Palos,city,36.985424,-120.633845
0619654,Dos Palos Y,CDP,37.046840,-120.639473
0619724,Douglas City,CDP,40.644953,-122.927426
0619738,Douglas Flat,CDP,38.114619,-120.452862
0619766,Downey,city,33.938237,-118.130856
0619794,Downieville,CDP,39.578643,-120.816405
0619878,Doyle,CDP,40.027223,-120.115370
0619976,Drytown,CDP,38.441489,-120.860504
0619990,Duarte,city,34.160967,-117.950447
0620018,Dublin,city,37.716137,-121.896229
0620032,Ducor,CDP,35.892701,-119.047010
0620228,Dunnigan,CDP,38.892643,-121.974184
0620242,Dunsmuir,city,41.231526,-122.270939
0620270,Durham,CDP,39.629358,-121.790770
0620284,Dustin Acres,CDP,35.215929,-119.374987
0620298,Dutch Flat,CDP,39.208008,-120.834476
0620424,Eagleville,CDP,41.318993,-120.114607
0620438,Earlimart,CDP,35.891354,-119.272092
0620515,East Bakersfield,CDP,35.383185,-118.974368
0620574,Eastern Goleta Valley,CDP,34.443913,-119.785477
0620598,East Foothills,CDP,37.382607,-121.813749
0620697,East Hemet,CDP,33.730114,-116.941001
0620802,East Los Angeles,CDP,34.031506,-118.168567
0620900,East Nicolaus,CDP,38.910044,-121.544319
0620903,East Niles,CDP,35.368273,-118.922462
0620907,East Oakdale,CDP,37.783867,-120.798631
0620928,Easton,CDP,36.652391,-119.790786
0620942,East Orosi,CDP,36.548069,-119.259853
0620956,East Palo Alto,city,37.467780,-122.132550
0620984,East Pasadena,CDP,34.136798,-118.077535
0621012,East Porterville,CDP,36.058162,-118.974903
0621026,East Quincy,CDP,39.916430,-120.918940
0621034,East Rancho Dominguez,CDP,33.894841,-118.195586
0621061,East Richmond Heights,CDP,37.945084,-122.313910
0621096,East San Gabriel,CDP,34.116189,-118.079886
0621138,East Shore,CDP,40.245269,-121.076778
0621188,East Sonora,CDP,37.974241,-120.338035
0621210,East Tulare Villa,CDP,36.203763,-119.280335
0621230,Eastvale,city,33.963274,-117.582369
0621292,East Whittier,CDP,33.924376,-117.988732
0621530,Edgewood,CDP,41.460773,-122.425687
0621544,Edison,CDP,35.347313,-118.869826
0621558,Edmundson Acres,CDP,35.227296,-118.823252
0621565,Edna,CDP,35.210786,-120.605968
0621600,Edwards AFB,CDP,34.902408,-117.921869
0621691,El Adobe,CDP,35.245083,-118.958842
0621712,El Cajon,city,32.801673,-116.960468
0621782,El Centro,city,32.786351,-115.560206
0621788,El Centro Naval Air Facility,CDP,32.825232,-115.668072
0621796,El Cerrito,city,37.919574,-122.302519
0621810,El Cerrito,CDP,33.838186,-117.522205
0621880,El Dorado Hills,CDP,38.676082,-121.047700
0621894,Eldridge,CDP,38.333887,-122.506518
0621916,Elfin Forest,CDP,33.081232,-117.177443
0621936,El Granada,CDP,37.514166,-122.464803
0621964,Elizabeth Lake,CDP,34.656488,-118.379847
0622006,Elk Creek,CDP,39.598678,-122.532320
0622020,Elk Grove,city,38.414621,-121.384961
0622034,Elkhorn,CDP,36.810673,-121.718699
0622104,El Macero,CDP,38.544019,-121.685168
0622146,Elmira,CDP,38.352329,-121.907719
0622188,El Modena,CDP,33.791957,-117.804651
0622230,El Monte,city,34.074633,-118.029136
0622235,El Monte Mobile Village,CDP,36.547075,-119.425049
0622286,El Nido,CDP,37.132376,-120.498551
0622300,El Paso de Robles (Paso Robles),city,35.628513,-120.650356
0622328,El Portal,CDP,37.673241,-119.787716
0622360,El Rancho,CDP,36.220684,-119.068357
0622370,El Rio,CDP,34.245364,-119.156763
0622412,El Segundo,city,33.910367,-118.425079
0622454,El Sobrante,CDP,37.973624,-122.303141
0622457,El Sobrante,CDP,33.872465,-117.462517
0622510,El Verano,CDP,38.297465,-122.491544
0622524,Elverta,CDP,38.718464,-121.445475
0622587,Emerald Lake Hills,CDP,37.465660,-122.265351
0622594,Emeryville,city,37.838473,-122.301682
0622622,Empire,CDP,37.643057,-120.907038
0622678,Encinitas,city,33.050632,-117.263616
0622790,Escalon,city,37.791336,-120.999643
0622804,Escondido,city,33.133053,-117.074043
0622846,Esparto,CDP,38.693410,-122.024046
0622972,Etna,city,41.458199,-122.895819
0623000,Eucalyptus Hills,CDP,32.885177,-116.944983
0623042,Eureka,city,40.797594,-124.154191
0623126,Exeter,city,36.294137,-119.145953
0623150,Fairbanks Ranch,CDP,32.991596,-117.186611
0623158,Fairfax,CDP,35.346885,-118.933806
0623168,Fairfax,town,37.988532,-122.595208
0623182,Fairfield,city,38.261965,-122.032389
0623196,Fairhaven,CDP,40.788293,-124.201421
0623210,Fairmead,CDP,37.077405,-120.193909
0623294,Fair Oaks,CDP,38.650154,-121.250970
0623350,Fairview,CDP,37.677667,-122.044434
0623462,Fallbrook,CDP,33.374235,-117.220375
0623532,Fall River Mills,CDP,41.007241,-121.441134
0623616,Farmersville,city,36.304739,-119.208605
0623630,Farmington,CDP,37.929868,-121.004367
0623812,Fellows,CDP,35.177929,-119.547211
0623826,Felton,CDP,37.039222,-122.080764
0623910,Ferndale,city,40.578144,-124.261247
0623973,Fetters Hot Springs-Agua Caliente,CDP,38.327504,-122.487137
0623980,Fiddletown,CDP,38.506864,-120.760149
0624008,Fieldbrook,CDP,40.972958,-124.028586
0624022,Fields Landing,CDP,40.724236,-124.218603
0624092,Fillmore,city,34.398958,-118.917460
0624134,Firebaugh,city,36.853745,-120.453746
0624218,Fish Camp,CDP,37.479900,-119.640911
0624477,Florence-Graham,CDP,33.968159,-118.244667
0624498,Florin,CDP,38.483150,-121.404326
0624526,Floriston,CDP,39.392930,-120.015113
0624568,Flournoy,CDP,39.928339,-122.445793
0624638,Folsom,city,38.666597,-121.141635
0624680,Fontana,city,34.109686,-117.462888
0624722,Foothill Farms,CDP,38.686732,-121.347478
0624750,Forbestown,CDP,39.527584,-121.266222
0624764,Ford City,CDP,35.164735,-119.458400
0624792,Foresta,CDP,37.698779,-119.748274
0624834,Foresthill,CDP,39.005286,-120.831355
0624897,Forest Meadows,CDP,38.171801,-120.397737
0624918,Forest Ranch,CDP,39.895204,-121.670451
0624960,Forestville,CDP,38.482491,-122.889884
0625030,Fort Bidwell,CDP,41.863301,-120.159395
0625058,Fort Bragg,city,39.439803,-123.801757
0625086,Fort Dick,CDP,41.869526,-124.167206
0625093,Fort Hunter Liggett,CDP,35.992329,-121.234870
0625114,Fort Irwin,CDP,35.247701,-116.683411
0625128,Fort Jones,city,41.608452,-122.841066
0625296,Fortuna,city,40.587084,-124.142161
0625300,Fort Washington,CDP,36.879340,-119.761220
0625338,Foster City,city,37.564820,-122.250782
0625380,Fountain Valley,city,33.710582,-117.951129
0625436,Fowler,city,36.624460,-119.674682
0625488,Franklin,CDP,37.327529,-120.532089
0625506,Franklin,CDP,38.367521,-121.461629
0625534,Frazier Park,CDP,34.814193,-118.954961
0625576,Freedom,CDP,36.940254,-121.795246
0625590,Freeport,CDP,38.462935,-121.502107
0626000,Fremont,city,37.494460,-121.941150
0626028,French Camp,CDP,37.866024,-121.274154
0626056,French Gulch,CDP,40.718793,-122.629357
0626067,French Valley,CDP,33.599461,-117.106495
0627000,Fresno,city,36.782684,-119.793359
0627014,Friant,CDP,36.984012,-119.708060
0627080,Fruitdale,CDP,37.311711,-121.935765
0627130,Fruitridge Pocket,CDP,38.532613,-121.455807
0627190,Fuller Acres,CDP,35.302254,-118.914295
0628000,Fullerton,city,33.885716,-117.928025
0628014,Fulton,CDP,38.493709,-122.773417
0628021,Furnace Creek,CDP,36.427669,-116.874690
0628112,Galt,city,38.268458,-121.298952
0628154,Garberville,CDP,40.100306,-123.794315
0628168,Gardena,city,33.894417,-118.307522
0628182,Garden Acres,CDP,37.963697,-121.229610
0628210,Garden Farms,CDP,35.415782,-120.614034
0629000,Garden Grove,city,33.778782,-117.960472
0629070,Garey,CDP,34.885821,-120.313750
0629112,Garnet,CDP,33.917892,-116.479609
0629154,Gasquet,CDP,41.836075,-123.976031
0629252,Gazelle,CDP,41.511870,-122.521946
0629350,Georgetown,CDP,38.911353,-120.834624
0629392,Gerber,CDP,40.061417,-122.148201
0629420,Geyserville,CDP,38.717314,-122.903423
0629504,Gilroy,city,37.006407,-121.585321
0629714,Glencoe,CDP,38.353042,-120.573290
0630000,Glendale,city,34.181393,-118.245830
0630014,Glendora,city,34.144964,-117.847804
0630028,Glen Ellen,CDP,38.355323,-122.543306
0630126,Glennville,CDP,35.724194,-118.715217
0630282,Golden Hills,CDP,35.136422,-118.497592
0630339,Gold Mountain,CDP,39.761315,-120.519054
0630345,Gold River,CDP,38.626854,-121.249164
0630378,Goleta,city,34.435441,-119.858946
0630392,Gonzales,city,36.505240,-121.442016
0630410,Good Hope,CDP,33.770627,-117.277199
0630412,Goodmanville,CDP,35.428994,-118.943719
0630420,Goodyears Bar,CDP,39.552354,-120.893102
0630476,Goshen,CDP,36.349266,-119.420621
0630560,Graeagle,CDP,39.752477,-120.645449
0630658,Grand Terrace,city,34.031160,-117.313192
0630686,Grangeville,CDP,36.343898,-119.707467
0630693,Granite Bay,CDP,38.760441,-121.168196
0630703,Granite Hills,CDP,32.803280,-116.905610
0630714,Graniteville,CDP,39.444366,-120.736030
0630798,Grass Valley,city,39.220305,-121.052654
0630812,Graton,CDP,38.437517,-122.865988
0630882,Grayson,CDP,37.564577,-121.180050
0630900,Greeley Hill,CDP,37.757043,-120.130759
0630938,Greenacres,CDP,35.383159,-119.118381
0630944,Green Acres,CDP,33.734972,-117.078244
0630987,Greenfield,CDP,35.269489,-119.009491
0630994,Greenfield,city,36.323977,-121.243699
0631029,Greenhorn,CDP,39.902968,-120.758983
0631092,Green Valley,CDP,34.617415,-118.405023
0631099,Green Valley,CDP,38.263843,-122.162498
0631134,Greenview,CDP,41.544922,-122.920964
0631162,Greenville,CDP,40.133603,-120.945333
0631246,Grenada,CDP,41.640100,-122.526627
0631260,Gridley,city,39.362883,-121.697543
0631288,Grimes,CDP,39.074154,-121.898775
0631302,Grizzly Flats,CDP,38.635696,-120.535435
0631372,Groveland,CDP,37.831966,-120.241581
0631393,Grover Beach,city,35.120888,-120.619664
0631414,Guadalupe,city,34.964929,-120.573127
0631470,Guerneville,CDP,38.517165,-122.989897
0631540,Guinda,CDP,38.827374,-122.198359
0631568,Gustine,city,37.252549,-120.995513
0631596,Hacienda Heights,CDP,33.995853,-117.973023
0631708,Half Moon Bay,city,37.467319,-122.440485
0631883,Hamilton Branch,CDP,40.277250,-121.096092
0631890,Hamilton City,CDP,39.742678,-122.010946
0631960,Hanford,city,36.328141,-119.654773
0632030,Happy Camp,CDP,41.815893,-123.392796
0632036,Happy Valley,CDP,40.466141,-122.417969
0632044,Harbison Canyon,CDP,32.827274,-116.838070
0632156,Hardwick,CDP,36.402596,-119.720770
0632212,Harmony Grove,CDP,33.100717,-117.137992
0632324,Hartland,CDP,36.653867,-118.958812
0632340,Hartley,CDP,38.420393,-121.950842
0632385,Hasley Canyon,CDP,34.481599,-118.666689
0632408,Hat Creek,CDP,40.789806,-121.474515
0632436,Hathaway Pines,CDP,38.190063,-120.361495
0632506,Hawaiian Gardens,city,33.830482,-118.073451
0632548,Hawthorne,city,33.914775,-118.348083
0632562,Hayfork,CDP,40.575871,-123.123629
0633000,Hayward,city,37.626826,-122.104015
0633056,Healdsburg,city,38.622526,-122.865133
0633084,Heber,CDP,32.732494,-115.529398
0633182,Hemet,city,33.734068,-116.996808
0633294,Herald,CDP,38.288403,-121.231066
0633308,Hercules,city,38.021427,-122.288929
0633336,Herlong,CDP,40.141722,-120.139657
0633364,Hermosa Beach,city,33.869819,-118.405296
0633434,Hesperia,city,34.397038,-117.315198
0633504,Hickman,CDP,37.619316,-120.751219
0633518,Hidden Hills,city,34.163744,-118.661210
0633532,Hidden Meadows,CDP,33.223634,-117.119826
0633549,Hidden Valley Lake,CDP,38.801498,-122.551422
0633574,Highgrove,CDP,34.010577,-117.309817
0633588,Highland,city,34.113473,-117.165729
0633632,Highlands,CDP,37.520022,-122.345900
0633689,Hillcrest,CDP,35.378970,-118.957853
0633798,Hillsborough,town,37.557206,-122.358541
0633861,Hilmar-Irwin,CDP,37.404543,-120.850426
0633935,Hiouchi,CDP,41.793664,-124.066113
0634120,Hollister,city,36.855618,-121.399544
0634246,Holtville,city,32.813781,-115.378319
0634281,Home Garden,CDP,36.302832,-119.637073
0634302,Home Gardens,CDP,33.878328,-117.511535
0634316,Homeland,CDP,33.745881,-117.113241
0634392,Homestead Valley,CDP,34.273004,-116.414549
0634405,Homewood Canyon,CDP,35.890040,-117.386414
0634428,Honcut,CDP,39.332591,-121.538759
0634484,Hood,CDP,38.369291,-121.515488
0634540,Hoopa,CDP,41.079639,-123.697660
0634652,Hopland,CDP,38.968830,-123.116899
0634694,Hornbrook,CDP,41.904505,-122.558319
0634708,Hornitos,CDP,37.502525,-120.238859
0634904,Hughson,city,37.602135,-120.866004
0634928,Humboldt Hill,CDP,40.722316,-124.197381
0636000,Huntington Beach,city,33.698007,-118.003834
0636056,Huntington Park,city,33.979248,-118.217438
0636084,Huron,city,36.204381,-120.095119
0636098,Hyampom,CDP,40.626179,-123.468830
0636126,Hydesville,CDP,40.557875,-124.082250
0636135,Hypericum,CDP,36.256167,-119.216933
0636168,Idlewild,CDP,35.809588,-118.670463
0636203,Idyllwild-Pine Cove,CDP,33.744209,-116.730690
0636252,Igo,CDP,40.497740,-122.549621
0636280,Imperial,city,32.838801,-115.572012
0636294,Imperial Beach,city,32.565354,-117.114567
0636350,Independence,CDP,36.830310,-118.207855
0636364,Indian Falls,CDP,40.058750,-120.980314
0636420,Indianola,CDP,40.809964,-124.078447
0636434,Indian Wells,city,33.699892,-116.329550
0636448,Indio,city,33.731639,-116.235971
0636452,Indio Hills,CDP,33.841060,-116.248473
0636490,Industry,city,34.026232,-117.940327
0636546,Inglewood,city,33.956068,-118.344274
0636613,Interlaken,CDP,36.950603,-121.737519
0636616,Inverness,CDP,38.082796,-122.854943
0636658,Inyokern,CDP,35.654387,-117.819476
0636672,Ione,city,38.362862,-120.947685
0636735,Iron Horse,CDP,39.780481,-120.482291
0636770,Irvine,city,33.678399,-117.771254
0636826,Irwindale,city,34.111855,-117.963614
0636868,Isla Vista,CDP,34.412179,-119.860657
0636882,Isleton,city,38.161252,-121.604958
0636910,Ivanhoe,CDP,36.383439,-119.220088
0636980,Jackson,city,38.348489,-120.772822
0637022,Jacumba,CDP,32.636478,-116.190706
0637106,Jamestown,CDP,37.958212,-120.407062
0637120,Jamul,CDP,32.718410,-116.870862
0637134,Janesville,CDP,40.301105,-120.490318
0637274,Jenner,CDP,38.459034,-123.127467
0637400,Johannesburg,CDP,35.371876,-117.641803
0637442,Johnson Park,CDP,40.921179,-121.629531
0637484,Johnstonville,CDP,40.380198,-120.586134
0637512,Johnsville,CDP,39.769710,-120.699783
0637533,Jones Valley,CDP,40.701315,-122.242004
0637554,Joshua Tree,CDP,34.123633,-116.312862
0637568,Jovista,CDP,35.794014,-119.189570
0637582,Julian,CDP,33.073502,-116.588883
0637596,Junction City,CDP,40.736022,-123.084644
0637624,June Lake,CDP,37.761783,-119.114729
0637692,Jurupa Valley,city,34.002591,-117.467612
0637904,Keddie,CDP,40.005944,-120.952416
0637918,Keeler,CDP,36.486718,-117.873330
0637946,Keene,CDP,35.231780,-118.613067
0638024,Kelly Ridge,CDP,39.528803,-121.466259
0638044,Kelseyville,CDP,38.970184,-122.831384
0638065,Kennedy,CDP,37.929042,-121.245783
0638076,Kennedy Meadows,CDP,36.007639,-118.109947
0638086,Kensington,CDP,37.905144,-122.284226
0638114,Kentfield,CDP,37.935873,-122.558999
0638156,Kenwood,CDP,38.415408,-122.538753
0638177,Kep'el,CDP,41.284142,-123.819006
0638226,Kerman,city,36.724911,-120.062580
0638310,Kernville,CDP,35.755017,-118.430907
0638352,Keswick,CDP,40.613763,-122.468732
0638394,Kettleman City,CDP,36.008985,-119.962852
0638422,Keyes,CDP,37.557308,-120.911375
0638520,King City,city,36.216283,-121.131962
0638548,Kings Beach,CDP,39.247528,-120.019903
0638562,Kingsburg,city,36.525193,-119.566403
0638604,Kingvale,CDP,39.320997,-120.438309
0638646,Kirkwood,CDP,38.689265,-120.054979
0638702,Klamath,CDP,41.572859,-124.055606
0638772,Knightsen,CDP,37.962426,-121.648580
0638786,Knights Ferry,CDP,37.821152,-120.669089
0638800,Knights Landing,CDP,38.797972,-121.717447
0639003,La Cañada Flintridge,city,34.209690,-118.200139
0639045,La Crescenta-Montrose,CDP,34.233016,-118.235774
0639052,La Cresta,CDP,35.397209,-118.989303
0639094,Ladera,CDP,37.399875,-122.198971
0639108,Ladera Heights,CDP,33.996776,-118.370028
0639114,Ladera Ranch,CDP,33.549146,-117.641741
0639122,Lafayette,city,37.891004,-122.119529
0639164,La Grange,CDP,37.663456,-120.463147
0639178,Laguna Beach,city,33.543370,-117.761801
0639220,Laguna Hills,city,33.591216,-117.697621
0639248,Laguna Niguel,city,33.528654,-117.701253
0639259,Laguna Woods,city,33.612058,-117.730319
0639283,Lagunitas-Forest Knolls,CDP,38.018026,-122.691303
0639290,La Habra,city,33.927927,-117.951554
0639304,La Habra Heights,city,33.958959,-117.948973
0639318,La Honda,CDP,37.317705,-122.258430
0639411,Lake Almanor Country Club,CDP,40.257771,-121.146958
0639420,Lake Almanor Peninsula,CDP,40.281210,-121.134454
0639425,Lake Almanor West,CDP,40.233573,-121.202075
0639444,Lake Arrowhead,CDP,34.254027,-117.178091
0639460,Lake California,CDP,40.358355,-122.208843
0639472,Lake City,CDP,41.645317,-120.222097
0639483,Lake Davis,CDP,39.852428,-120.458410
0639484,Lake Don Pedro,CDP,37.641420,-120.364360
0639486,Lake Elsinore,city,33.685956,-117.335404
0639496,Lake Forest,city,33.654946,-117.675848
0639514,Lakehead,CDP,40.903436,-122.399658
0639556,Lake Hughes,CDP,34.682415,-118.451938
0639570,Lake Isabella,CDP,35.637098,-118.482610
0639598,Lakeland Village,CDP,33.648956,-117.366823
0639612,Lake Los Angeles,CDP,34.609839,-117.830337
0639645,Lake Mathews,CDP,33.824966,-117.368343
0639670,Lake Nacimiento,CDP,35.730962,-120.869517
0639690,Lake of the Pines,CDP,39.038746,-121.061341
0639696,Lake of the Woods,CDP,34.827138,-118.997304
0639710,Lakeport,city,39.038333,-122.922633
0639715,Lake Riverside,CDP,33.518735,-116.812103
0639724,Lake San Marcos,CDP,33.122362,-117.208576
0639728,Lake Shastina,CDP,41.523127,-122.376366
0639735,Lake Sherwood,CDP,34.131803,-118.884714
0639759,Lakeside,CDP,35.234667,-119.082858
0639766,Lakeside,CDP,32.856617,-116.904237
0639836,Lakeview,CDP,33.828465,-117.123334
0639885,Lake Wildwood,CDP,39.233240,-121.197730
0639892,Lakewood,city,33.847135,-118.121894
0640004,La Mesa,city,32.769495,-117.021923
0640032,La Mirada,city,33.902045,-118.008961
0640088,Lamont,CDP,35.265142,-118.916042
0640116,Lanare,CDP,36.437723,-119.932199
0640130,Lancaster,city,34.693558,-118.175305
0640256,La Palma,city,33.850616,-118.039565
0640312,La Porte,CDP,39.672508,-120.985244
0640326,La Presa,CDP,32.712315,-117.003710
0640340,La Puente,city,34.032333,-117.953520
0640354,La Quinta,city,33.641767,-116.273943
0640410,La Riviera,CDP,38.568538,-121.354962
0640426,Larkfield-Wikiup,CDP,38.512972,-122.753601
0640438,Larkspur,city,37.940544,-122.530229
0640508,La Selva Beach,CDP,36.927375,-121.844404
0640526,Las Flores,CDP,33.583798,-117.623747
0640536,Las Flores,CDP,40.072141,-122.157312
0640592,Las Lomas,CDP,36.868813,-121.731611
0640704,Lathrop,city,37.808666,-121.317765
0640746,Laton,CDP,36.431410,-119.697597
0640830,La Verne,city,34.120521,-117.769928
0640872,La Vina,CDP,36.879865,-120.114802
0640886,Lawndale,city,33.888435,-118.353143
0640928,Laytonville,CDP,39.662256,-123.495015
0640956,Lebec,CDP,34.844614,-118.899237
0640998,Lee Vining,CDP,37.954899,-119.122014
0641026,Leggett,CDP,39.863539,-123.725176
0641040,Le Grand,CDP,37.228815,-120.254002
0641110,Lemon Cove,CDP,36.380880,-119.028460
0641124,Lemon Grove,city,32.733071,-117.034413
0641142,Lemon Hill,CDP,38.517232,-121.457279
0641152,Lemoore,city,36.295280,-119.797268
0641166,Lemoore Station,CDP,36.263278,-119.904836
0641180,Lennox,CDP,33.938068,-118.358540
0641194,Lenwood,CDP,34.886037,-117.107784
0641208,Leona Valley,CDP,34.608146,-118.301320
0641278,Lewiston,CDP,40.696931,-122.822509
0641282,Lexington Hills,CDP,37.159016,-121.988793
0641390,Likely,CDP,41.226827,-120.501236
0641474,Lincoln,city,38.874464,-121.292886
0641558,Lincoln Village,CDP,38.005471,-121.333843
0641572,Linda,CDP,39.124142,-121.542173
0641656,Lindcove,CDP,36.358027,-119.064584
0641670,Linden,CDP,38.018140,-121.101562
0641712,Lindsay,city,36.209096,-119.093259
0641740,Linnell Camp,CDP,36.308887,-119.222583
0641782,Litchfield,CDP,40.387702,-120.380705
0641789,Little Grass Valley,CDP,39.725246,-120.959073
0641866,Little River,CDP,39.270285,-123.781749
0641880,Littlerock,CDP,34.525126,-117.981631
0641908,Little Valley,CDP,40.893049,-121.178041
0641922,Live Oak,CDP,36.986024,-121.980414
0641936,Live Oak,city,39.278802,-121.662439
0641992,Livermore,city,37.686977,-121.759781
0642006,Livingston,city,37.387281,-120.724943
0642104,Lockeford,CDP,38.149128,-121.154309
0642142,Lockwood,CDP,38.486691,-120.603425
0642146,Lockwood,CDP,35.940083,-121.078282
0642202,Lodi,city,38.121610,-121.290765
0642230,Lodoga,CDP,39.304272,-122.505944
0642328,Loleta,CDP,40.640885,-124.222556
0642370,Loma Linda,city,34.043287,-117.246647
0642384,Loma Mar,CDP,37.265784,-122.300692
0642412,Loma Rica,CDP,39.320318,-121.403831
0642468,Lomita,city,33.793306,-118.317455
0642510,Lompico,CDP,37.114619,-122.052768
0642524,Lompoc,city,34.662689,-120.470837
0642566,London,CDP,36.480480,-119.444940
0642580,Lone Pine,CDP,36.574447,-118.080610
0642622,Long Barn,CDP,38.093263,-120.134686
0643000,Long Beach,city,33.780791,-118.168180
0643126,Lookout,CDP,41.210401,-121.152960
0643140,Loomis,town,38.809358,-121.195383
0643224,Los Alamitos,city,33.796913,-118.061234
0643252,Los Alamos,CDP,34.741803,-120.274596
0643280,Los Altos,city,37.368431,-122.096570
0643294,Los Altos Hills,town,37.366808,-122.138650
0644000,Los Angeles,city,34.019394,-118.410825
0644028,Los Banos,city,37.063184,-120.840304
0644042,Los Berros,CDP,35.080907,-120.545036
0644112,Los Gatos,town,37.229944,-121.956874
0644140,Los Molinos,CDP,40.027074,-122.097971
0644168,Los Olivos,CDP,34.661506,-120.117436
0644182,Los Osos,CDP,35.307083,-120.824522
0644242,Los Ranchos,CDP,35.212699,-120.628030
0644280,Lost Hills,CDP,35.632721,-119.677889
0644350,Lower Lake,CDP,38.913034,-122.606987
0644364,Loyalton,city,39.676855,-120.244811
0644378,Loyola,CDP,37.350325,-122.097973
0644399,Lucas Valley-Marinwood,CDP,38.040509,-122.576482
0644406,Lucerne,CDP,39.056770,-122.770289
0644420,Lucerne Valley,CDP,34.442719,-116.902093
0644574,Lynwood,city,33.923959,-118.201655
0644644,Lytle Creek,CDP,34.249926,-117.504431
0644672,Mabie,CDP,39.777060,-120.544699
0644700,McArthur,CDP,41.041995,-121.405240
0644760,McClellan Park,CDP,38.662896,-121.401656
0644770,McClenney Tract,CDP,35.821984,-118.647839
0644784,McCloud,CDP,41.254739,-122.136221
0644812,Macdoel,CDP,41.826173,-122.005885
0644826,McFarland,city,35.667286,-119.230722
0644830,McGee Creek,CDP,37.572665,-118.791000
0644910,McKinleyville,CDP,40.951571,-124.077357
0644924,McKittrick,CDP,35.298028,-119.624921
0645006,McSwain,CDP,37.314505,-120.586758
0645008,Madeline,CDP,41.051410,-120.475434
0645022,Madera,city,36.966193,-120.085855
0645050,Madera Acres,CDP,37.012698,-120.079735
0645054,Madera Ranchos,CDP,36.927910,-119.877283
0645064,Madison,CDP,38.674988,-121.970254
0645092,Mad River,CDP,40.432532,-123.492061
0645120,Magalia,CDP,39.818752,-121.607748
0645232,Malaga,CDP,36.681602,-119.731786
0645246,Malibu,city,34.025860,-118.759643
0645358,Mammoth Lakes,town,37.624435,-118.988432
0645386,Manchester,CDP,38.974384,-123.690961
0645400,Manhattan Beach,city,33.900870,-118.420715
0645414,Manila,CDP,40.850897,-124.163193
0645484,Manteca,city,37.792839,-121.226076
0645512,Manton,CDP,40.426679,-121.850421
0645680,March ARB,CDP,33.889184,-117.277729
0645736,Maricopa,city,35.050942,-119.406605
0645778,Marina,city,36.680256,-121.789368
0645806,Marina del Rey,CDP,33.976373,-118.450888
0645820,Marin City,CDP,37.871156,-122.513736
0645932,Mariposa,CDP,37.491217,-119.973216
0645988,Markleeville,CDP,38.684002,-119.822738
0646100,Martell,CDP,38.367328,-120.807187
0646114,Martinez,city,37.998116,-122.114419
0646170,Marysville,city,39.151535,-121.583374
0646223,Matheny,CDP,36.170646,-119.351608
0646226,Mather,CDP,38.548362,-121.283841
0646338,Maxwell,CDP,39.277078,-122.194676
0646400,Mayfair,CDP,36.769346,-119.761263
0646436,Mayflower Village,CDP,34.115931,-118.009581
0646492,Maywood,city,33.988548,-118.187707
0646520,Meadowbrook,CDP,33.725782,-117.285086
0646618,Meadow Valley,CDP,39.932312,-121.083086
0646632,Meadow Vista,CDP,39.001718,-121.037582
0646646,Mead Valley,CDP,33.833311,-117.285200
0646660,Mecca,CDP,33.576566,-116.064661
0646702,Meiners Oaks,CDP,34.455349,-119.270166
0646814,Mendocino,CDP,39.312451,-123.792402
0646828,Mendota,city,36.757595,-120.380474
0646842,Menifee,city,33.689858,-117.184383
0646870,Menlo Park,city,37.479731,-122.148055
0646884,Mentone,CDP,34.060639,-117.115020
0646898,Merced,city,37.311380,-120.470408
0646926,Meridian,CDP,39.140437,-121.907900
0647013,Mesa,CDP,37.416833,-118.539115
0647066,Mesa Verde,CDP,33.595700,-114.731604
0647086,Mesa Vista,CDP,38.810287,-119.803267
0647164,Mettler,CDP,35.063563,-118.972980
0647192,Mexican Colony,CDP,35.468930,-119.268712
0647206,Meyers,CDP,38.834787,-120.018560
0647332,Middletown,CDP,38.751877,-122.622103
0647374,Midpines,CDP,37.553411,-119.928791
0647430,Midway City,CDP,33.745119,-117.984843
0647472,Milford,CDP,40.149467,-120.370196
0647486,Millbrae,city,37.598970,-122.401991
0647592,Millerton,CDP,36.976926,-119.665775
0647710,Mill Valley,city,37.908122,-122.542325
0647724,Millville,CDP,40.559569,-122.175569
0647766,Milpitas,city,37.433136,-121.890934
0647794,Mineral,CDP,40.402713,-121.550844
0647822,Minkler,CDP,36.727624,-119.458850
0648046,Mira Monte,CDP,34.431119,-119.287201
0648060,Miranda,CDP,40.228687,-123.817584
0648147,Mission Canyon,CDP,34.456253,-119.717041
0648186,Mission Hills,CDP,34.688779,-120.439750
0648256,Mission Viejo,city,33.609335,-117.656471
0648298,Mi-Wuk Village,CDP,38.057735,-120.176698
0648354,Modesto,city,37.637533,-121.003049
0648410,Modjeska,CDP,33.709133,-117.629704
0648448,Mohawk Vista,CDP,39.804822,-120.588312
0648452,Mojave,CDP,35.014995,-118.190209
0648480,Mokelumne Hill,CDP,38.308484,-120.705617
0648592,Monmouth,CDP,36.565621,-119.740475
0648602,Mono City,CDP,38.032123,-119.147399
0648641,Mono Vista,CDP,38.013432,-120.270048
0648648,Monrovia,city,34.163984,-117.984646
0648676,Monson,CDP,36.492420,-119.336120
0648690,Montague,city,41.727088,-122.530511
0648718,Montalvin Manor,CDP,37.997583,-122.330093
0648760,Montara,CDP,37.548263,-122.492362
0648788,Montclair,city,34.071493,-117.698080
0648816,Montebello,city,34.015444,-118.111012
0648844,Montecito,CDP,34.418642,-119.633117
0648872,Monterey,city,36.601193,-121.883110
0648914,Monterey Park,city,34.048380,-118.133165
0648916,Monterey Park Tract,CDP,37.526814,-121.011487
0648928,Monte Rio,CDP,38.473611,-123.026178
0648956,Monte Sereno,city,37.240410,-121.988235
0648998,Montgomery Creek,CDP,40.842838,-121.920661
0649045,Monument Hills,CDP,38.664105,-121.875389
0649138,Moorpark,city,34.285942,-118.877040
0649180,Morada,CDP,38.038626,-121.245892
0649187,Moraga,town,37.845693,-122.123217
0649270,Moreno Valley,city,33.923253,-117.205685
0649278,Morgan Hill,city,37.132495,-121.641891
0649348,Morongo Valley,CDP,34.072377,-116.562727
0649362,Morro Bay,city,35.366773,-120.868289
0649432,Moskowite Corner,CDP,38.443874,-122.191990
0649446,Moss Beach,CDP,37.513330,-122.498389
0649488,Moss Landing,CDP,36.805389,-121.786577
0649544,Mountain Center,CDP,33.710749,-116.723312
0649558,Mountain Gate,CDP,40.718456,-122.326225
0649582,Mountain House,city,37.779716,-121.537195
0649592,Mountain Meadows,CDP,35.093565,-118.432687
0649600,Mountain Mesa,CDP,35.641137,-118.404645
0649628,Mountain Ranch,CDP,38.211721,-120.531115
0649651,Mountain View,CDP,38.009205,-122.116850
0649670,Mountain View,city,37.399686,-122.079269
0649684,Mountain View Acres,CDP,34.497558,-117.347173
0649726,Mt. Bullion,CDP,37.508618,-120.042081
0649768,Mount Hebron,CDP,41.785573,-122.007900
0649796,Mount Hermon,CDP,37.051032,-122.053348
0649810,Mount Laguna,CDP,32.871105,-116.424687
0649852,Mount Shasta,city,41.320880,-122.315481
0649950,Muir Beach,CDP,37.861565,-122.580322
0650034,Murphys,CDP,38.136092,-120.443942
0650076,Murrieta,city,33.573214,-117.191007
0650132,Muscoy,CDP,34.155157,-117.347701
0650146,Myers Flat,CDP,40.265478,-123.875548
0650188,Myrtletown,CDP,40.788731,-124.130658
0650258,Napa,city,38.297872,-122.300741
0650398,National City,city,32.665217,-117.098784
0650734,Needles,city,34.813426,-114.626639
0650874,Nevada City,city,39.259608,-121.033326
0650916,Newark,city,37.504253,-122.031910
0651000,Newcastle,CDP,38.866731,-121.131984
0651028,New Cuyama,CDP,34.943057,-119.682018
0651042,Newell,CDP,41.888731,-121.360249
0651140,Newman,city,37.316132,-121.021447
0651168,New Pine Creek,CDP,41.987270,-120.300964
0651182,Newport Beach,city,33.626595,-117.865392
0651280,Nicasio,CDP,38.060622,-122.700822
0651294,Nice,CDP,39.126181,-122.855330
0651336,Nicolaus,CDP,38.898190,-121.572837
0651392,Niland,CDP,33.238708,-115.514440
0651470,Nipinnawasee,CDP,37.403053,-119.729269
0651476,Nipomo,CDP,35.030660,-120.497757
0651560,Norco,city,33.925519,-117.551958
0651574,Nord,CDP,39.773787,-121.954903
0651622,Norris Canyon,CDP,37.745757,-121.988091
0651637,North Auburn,CDP,38.930693,-121.081081
0651812,North Edwards,CDP,35.047332,-117.809362
0651820,North El Monte,CDP,34.102927,-118.023862
0651840,North Fair Oaks,CDP,37.475426,-122.203459
0651868,North Fork,CDP,37.234632,-119.521038
0651890,North Gate,CDP,37.905513,-121.997879
0651924,North Highlands,CDP,38.671331,-121.372134
0651990,North Lakeport,CDP,39.086632,-122.909442
0652162,North Richmond,CDP,37.965269,-122.370649
0652246,North San Juan,CDP,39.371810,-121.106079
0652302,North Shore,CDP,33.514576,-115.910959
0652379,North Tustin,CDP,33.764890,-117.795380
0652526,Norwalk,city,33.907600,-118.083453
0652582,Novato,city,38.085087,-122.548272
0652610,Nubieber,CDP,41.096627,-121.182163
0652624,Nuevo,CDP,33.801137,-117.141382
0652694,Oakdale,city,37.761666,-120.846434
0652715,Oak Glen,CDP,34.041043,-116.962307
0652760,Oak Hills,CDP,34.389944,-117.403094
0652764,Oakhurst,CDP,37.341396,-119.626215
0653000,Oakland,city,37.769846,-122.225690
0653070,Oakley,city,37.996149,-121.693624
0653116,Oak Park,CDP,34.184984,-118.766940
0653140,Oak Run,CDP,40.694196,-122.025008
0653160,Oak Shores,CDP,35.760704,-120.982809
0653182,Oak View,CDP,34.403037,-119.298950
0653196,Oakville,CDP,38.438373,-122.406773
0653224,Oasis,CDP,33.527529,-116.126093
0653266,Occidental,CDP,38.400372,-122.934946
0653294,Oceano,CDP,35.101608,-120.608217
0653322,Oceanside,city,33.224601,-117.306291
0653378,Ocotillo,CDP,32.743126,-116.001879
0653448,Oildale,CDP,35.429260,-119.030576
0653476,Ojai,city,34.449199,-119.246664
0653490,Olancha,CDP,36.269787,-118.001258
0653503,Olde Stockdale,CDP,35.347599,-119.079372
0653505,Old Fig Garden,CDP,36.798841,-119.805125
0653574,Old River,CDP,35.267121,-119.105514
0653602,Old Station,CDP,40.673204,-121.413348
0653603,Old Stine,CDP,35.347751,-119.046923
0653714,Olivehurst,CDP,39.079461,-121.556659
0653882,Ono,CDP,40.478117,-122.625491
0653896,Ontario,city,34.037042,-117.605956
0653910,Onyx,CDP,35.670220,-118.227163
0653980,Orange,city,33.786971,-117.861265
0653987,Orange Blossom,CDP,37.814722,-120.687332
0654008,Orange Cove,city,36.621371,-119.318737
0654064,Orange Park Acres,CDP,33.804709,-117.782784
0654092,Orangevale,CDP,38.689359,-121.223077
0654120,Orcutt,CDP,34.869235,-120.421684
0654218,Orick,CDP,41.290216,-124.070302
0654232,Orinda,city,37.881610,-122.168595
0654274,Orland,city,39.746146,-122.185731
0654372,Orosi,CDP,36.543271,-119.291419
0654386,Oroville,city,39.495151,-121.559937
0654388,Oroville East,CDP,39.493620,-121.483755
0654652,Oxnard,city,34.199436,-119.207515
0654764,Pacheco,CDP,37.987852,-122.069828
0654806,Pacifica,city,37.606598,-122.477230
0654848,Pacific Grove,city,36.622577,-121.926430
0655044,Pajaro,CDP,36.901659,-121.741730
0655048,Pajaro Dunes,CDP,36.868212,-121.805697
0655058,Pala,CDP,33.363926,-117.067785
0655086,Palermo,CDP,39.430695,-121.522884
0655156,Palmdale,city,34.591038,-118.105403
0655184,Palm Desert,city,33.737635,-116.364145
0655254,Palm Springs,city,33.803361,-116.538280
0655282,Palo Alto,city,37.396520,-122.143088
0655296,Palo Cedro,CDP,40.566236,-122.242837
0655310,Paloma,CDP,38.260552,-120.764426
0655380,Palos Verdes Estates,city,33.774271,-118.425754
0655422,Palo Verde,CDP,33.427843,-114.727095
0655506,Panorama Heights,CDP,35.806768,-118.627053
0655520,Paradise,town,39.754192,-121.606400
0655528,Paradise,CDP,37.482853,-118.602213
0655604,Paradise Park,CDP,37.006297,-122.042413
0655618,Paramount,city,33.898883,-118.166629
0655728,Parklawn,CDP,37.607091,-120.980386
0655751,Parksdale,CDP,36.946491,-120.021168
0655800,Parkway,CDP,38.499293,-121.452011
0655842,Parkwood,CDP,36.929255,-120.048139
0655856,Parlier,city,36.608899,-119.543656
0656000,Pasadena,city,34.160602,-118.137954
0656028,Pasatiempo,CDP,37.003338,-122.026474
0656042,Paskenta,CDP,39.883275,-122.545834
0656112,Patterson,city,37.475876,-121.153882
0656120,Patterson Tract,CDP,36.379521,-119.295604
0656140,Patton Village,CDP,40.140724,-120.178123
0656182,Paxton,CDP,40.033606,-121.002569
0656196,Paynes Creek,CDP,40.341888,-121.924982
0656294,Pearsonville,CDP,35.822945,-117.878250
0656476,Penngrove,CDP,38.300619,-122.670641
0656518,Penn Valley,CDP,39.195297,-121.194153
0656546,Penryn,CDP,38.848218,-121.169809
0656598,Pepperdine University,CDP,34.042278,-118.709182
0656700,Perris,city,33.789849,-117.222171
0656756,Pescadero,CDP,37.244894,-122.378866
0656784,Petaluma,city,38.242251,-122.628769
0656786,Petaluma Center,CDP,38.250652,-122.788841
0656798,Peters,CDP,37.976157,-121.043809
0656826,Phelan,CDP,34.439816,-117.524829
0656854,Phillipsville,CDP,40.210704,-123.781212
0656868,Philo,CDP,39.065757,-123.445063
0656870,Phoenix Lake,CDP,38.011347,-120.309000
0656924,Pico Rivera,city,33.989524,-118.089295
0656938,Piedmont,city,37.822545,-122.230024
0657011,Pierpoint,CDP,36.140468,-118.629615
0657036,Pike,CDP,39.427843,-120.999682
0657070,Pine Canyon,CDP,36.172072,-121.143013
0657134,Pine Flat,CDP,35.875355,-118.643832
0657148,Pine Grove,CDP,38.403040,-120.657087
0657204,Pine Hills,CDP,40.732893,-124.161093
0657240,Pine Mountain Club,CDP,34.840895,-119.168541
0657244,Pine Mountain Lake,CDP,37.859540,-120.181662
0657260,Pine Valley,CDP,32.841513,-116.510706
0657288,Pinole,city,38.001702,-122.318488
0657302,Piñon Hills,CDP,34.445607,-117.623563
0657330,Pioneer,CDP,38.433759,-120.586077
0657372,Piru,CDP,34.405678,-118.805097
0657414,Pismo Beach,city,35.153173,-120.673874
0657456,Pittsburg,city,38.017690,-121.900395
0657512,Pixley,CDP,35.976823,-119.300190
0657526,Placentia,city,33.881158,-117.854783
0657540,Placerville,city,38.731116,-120.797677
0657568,Plainview,CDP,36.143028,-119.135340
0657582,Planada,CDP,37.290207,-120.321637
0657666,Platina,CDP,40.359052,-122.904244
0657764,Pleasant Hill,city,37.954163,-122.075772
0657792,Pleasanton,city,37.667185,-121.881230
0657825,Pleasure Point,CDP,36.959718,-121.970036
0657828,Plumas Eureka,CDP,39.798242,-120.664441
0657829,Plumas Lake,CDP,38.979131,-121.558056
0657834,Plymouth,city,38.471741,-120.857194
0657876,Point Arena,city,38.912306,-123.695609
0657960,Point Reyes Station,CDP,38.084647,-122.809226
0658030,Pollock Pines,CDP,38.757641,-120.590957
0658072,Pomona,city,34.058494,-117.761091
0658134,Ponderosa,CDP,36.104693,-118.531915
0658191,Poplar-Cotton Center,CDP,36.057716,-119.150181
0658226,Port Costa,CDP,38.044543,-122.184942
0658240,Porterville,city,36.063542,-119.033600
0658296,Port Hueneme,city,34.162143,-119.204177
0658352,Portola,city,39.820799,-120.474293
0658380,Portola Valley,town,37.365191,-122.232724
0658422,Posey,CDP,35.805263,-118.682639
0658436,Poso Park,CDP,35.811272,-118.636537
0658456,Post Mountain,CDP,40.415949,-123.231604
0658471,Potomac Park,CDP,35.363538,-118.964963
0658478,Potrero,CDP,32.613089,-116.606815
0658506,Potter Valley,CDP,39.317141,-123.109860
0658520,Poway,city,32.987677,-117.021814
0658618,Prattville,CDP,40.206005,-121.157456
0658758,Princeton,CDP,39.401598,-122.019360
0658814,Proberta,CDP,40.076157,-122.177609
0658870,Prunedale,CDP,36.811747,-121.654960
0658940,Pumpkin Center,CDP,35.265301,-119.032410
0659052,Quartz Hill,CDP,34.651988,-118.215945
0659080,Quincy,CDP,39.931017,-120.954886
0659115,Rackerby,CDP,39.426114,-121.354190
0659220,Rail Road Flat,CDP,38.335576,-120.550131
0659248,Rainbow,CDP,33.409855,-117.139492
0659290,Raisin City,CDP,36.603262,-119.909158
0659346,Ramona,CDP,33.045811,-116.877546
0659426,Rancho Calaveras,CDP,38.133305,-120.861766
0659444,Rancho Cordova,city,38.577079,-121.236187
0659451,Rancho Cucamonga,city,34.130306,-117.566067
0659500,Rancho Mirage,city,33.763838,-116.430388
0659503,Rancho Mission Viejo,CDP,33.513871,-117.561744
0659506,Rancho Murieta,CDP,38.500701,-121.074021
0659514,Rancho Palos Verdes,city,33.738517,-118.369685
0659550,Rancho San Diego,CDP,32.762405,-116.919691
0659584,Rancho Santa Fe,CDP,33.025814,-117.198148
0659587,Rancho Santa Margarita,city,33.632332,-117.599008
0659604,Rancho Tehama Reserve,CDP,40.004003,-122.428340
0659668,Randsburg,CDP,35.368658,-117.660322
0659892,Red Bluff,city,40.173515,-122.241525
0659896,Red Corral,CDP,38.412132,-120.607102
0659906,Redcrest,CDP,40.398775,-123.947415
0659920,Redding,city,40.570277,-122.366766
0659962,Redlands,city,34.053506,-117.170476
0660018,Redondo Beach,city,33.849538,-118.400755
0660088,Redway,CDP,40.120223,-123.821777
0660102,Redwood City,city,37.515274,-122.213672
0660214,Redwood Valley,CDP,39.268548,-123.202758
0660242,Reedley,city,36.599374,-119.447781
0660279,Reliez Valley,CDP,37.939888,-122.102695
0660370,Rexland Acres,CDP,35.305053,-118.996992
0660466,Rialto,city,34.117427,-117.389211
0660592,Richfield,CDP,39.973801,-122.173234
0660606,Richgrove,CDP,35.796612,-119.106903
0660620,Richmond,city,37.952278,-122.360609
0660662,Richvale,CDP,39.493735,-121.750766
0660704,Ridgecrest,city,35.628542,-117.663992
0660705,Ridgecrest Heights,CDP,35.601900,-117.704180
0660706,Ridgemark,CDP,36.808241,-121.362280
0660900,Rio Dell,city,40.495570,-124.115163
0660928,Rio del Mar,CDP,36.957899,-121.884823
0660942,Rio Linda,CDP,38.687502,-121.441682
0660970,Rio Oso,CDP,38.951823,-121.530974
0660984,Rio Vista,city,38.176672,-121.703406
0661012,Ripley,CDP,33.523788,-114.652992
0661026,Ripon,city,37.742007,-121.130373
0661068,Riverbank,city,37.726022,-120.944840
0661096,Riverdale,CDP,36.430402,-119.867178
0661106,Riverdale Park,CDP,37.602223,-121.039491
0661108,Rivergrove,CDP,35.440294,-118.941085
0661124,River Pines,CDP,38.545458,-120.742909
0662000,Riverside,city,33.938143,-117.393168
0662168,Robbins,CDP,38.866948,-121.707092
0662200,Robinson Mill,CDP,39.485626,-121.320164
0662364,Rocklin,city,38.806868,-121.249696
0662490,Rodeo,CDP,38.036605,-122.253956
0662496,Rodriguez Camp,CDP,35.808986,-119.138822
0662546,Rohnert Park,city,38.347617,-122.700896
0662602,Rolling Hills,city,33.760016,-118.347168
0662625,Rolling Hills,CDP,36.903962,-119.796624
0662644,Rolling Hills Estates,city,33.778138,-118.333117
0662700,Rollingwood,CDP,37.965347,-122.330608
0662756,Romoland,CDP,33.764806,-117.157107
0662826,Rosamond,CDP,34.865627,-118.214767
0662854,Rosedale,CDP,35.388608,-119.205742
0662860,Rose Hills,CDP,34.009012,-118.041909
0662896,Rosemead,city,34.068880,-118.082680
0662910,Rosemont,CDP,38.547729,-121.355371
0662938,Roseville,city,38.770296,-121.319634
0662980,Ross,town,37.963821,-122.561614
0663050,Rossmoor,CDP,33.788691,-118.080326
0663106,Rough and Ready,CDP,39.234023,-121.138022
0663134,Round Mountain,CDP,40.797463,-121.937988
0663148,Round Valley,CDP,37.414163,-118.572273
0663168,Rouse,CDP,37.619513,-121.008371
0663218,Rowland Heights,CDP,33.970313,-117.890568
0663302,Rumsey,CDP,38.893308,-122.243647
0663316,Running Springs,CDP,34.211362,-117.104572
0663386,Ruth,CDP,40.293849,-123.348335
0663400,Rutherford,CDP,38.458864,-122.428831
0664000,Sacramento,city,38.567694,-121.468161
0664056,Sage,CDP,33.594066,-116.910385
0664140,St. Helena,city,38.512806,-122.468076
0664210,Salida,CDP,37.709123,-121.084825
0664224,Salinas,city,36.690217,-121.633793
0664252,Salmon Creek,CDP,38.346212,-123.059329
0664294,Salton City,CDP,33.299426,-115.960947
0664308,Salton Sea Beach,CDP,33.375855,-116.011475
0664378,Salyer,CDP,40.876768,-123.573501
0664392,Samoa,CDP,40.814609,-124.189215
0664420,San Andreas,CDP,38.192691,-120.673180
0664434,San Anselmo,town,37.982117,-122.569921
0664462,San Antonio Heights,CDP,34.156420,-117.658705
0664476,San Ardo,CDP,36.023699,-120.907307
0665000,San Bernardino,city,34.141140,-117.294635
0665028,San Bruno,city,37.625560,-122.431397
0665042,San Buenaventura (Ventura),city,34.267780,-119.254206
0665070,San Carlos,city,37.499034,-122.267572
0665084,San Clemente,city,33.449143,-117.613120
0665112,Sand City,city,36.621770,-121.847668
0666000,San Diego,city,32.830391,-117.120923
0666004,San Diego Country Estates,CDP,33.009376,-116.787314
0666070,San Dimas,city,34.107957,-117.808529
0666140,San Fernando,city,34.288652,-118.436243
0667000,San Francisco,city,37.727239,-123.032229
0667042,San Gabriel,city,34.094636,-118.098469
0667056,Sanger,city,36.700864,-119.557730
0667070,San Geronimo,CDP,38.006713,-122.663266
0667112,San Jacinto,city,33.798864,-116.995914
0667126,San Joaquin,city,36.605590,-120.189766
0668000,San Jose,city,37.296011,-121.814552
0668014,San Juan Bautista,city,36.845132,-121.536949
0668028,San Juan Capistrano,city,33.500889,-117.654388
0668084,San Leandro,city,37.703368,-122.163036
0668112,San Lorenzo,CDP,37.675900,-122.135973
0668140,San Lucas,CDP,36.128349,-121.021732
0668154,San Luis Obispo,city,35.266195,-120.668438
0668196,San Marcos,city,33.132567,-117.169892
0668224,San Marino,city,34.122671,-118.112911
0668238,San Martin,CDP,37.082881,-121.596322
0668252,San Mateo,city,37.560310,-122.310600
0668263,San Miguel,CDP,37.886699,-122.036833
0668266,San Miguel,CDP,35.753402,-120.692392
0668294,San Pablo,city,37.962861,-122.342581
0668308,San Pasqual,CDP,34.139222,-118.102524
0668364,San Rafael,city,37.981003,-122.506930
0668378,San Ramon,city,37.765258,-121.931987
0668434,San Simeon,CDP,35.618206,-121.137438
0669000,Santa Ana,city,33.736332,-117.882900
0669070,Santa Barbara,city,34.403592,-119.713714
0669084,Santa Clara,city,37.364621,-121.967973
0669088,Santa Clarita,city,34.416504,-118.500693
0669112,Santa Cruz,city,36.974385,-122.035268
0669154,Santa Fe Springs,city,33.933565,-118.062611
0669182,Santa Margarita,CDP,35.389426,-120.608159
0669196,Santa Maria,city,34.933076,-120.443559
0670000,Santa Monica,city,34.010911,-118.498245
0670028,Santa Nella,CDP,37.101219,-121.015697
0670042,Santa Paula,city,34.354941,-119.066271
0670098,Santa Rosa,city,38.445824,-122.706181
0670130,Santa Rosa Valley,CDP,34.245903,-118.901784
0670140,Santa Susana,CDP,34.258582,-118.664319
0670154,Santa Venetia,CDP,38.005538,-122.502811
0670182,Santa Ynez,CDP,34.617457,-120.096355
0670224,Santee,city,32.854990,-116.986056
0670266,Saranap,CDP,37.887818,-122.076142
0670280,Saratoga,city,37.268326,-122.026220
0670322,Saticoy,CDP,34.282469,-119.142844
0670336,Sattley,CDP,39.629945,-120.437275
0670364,Sausalito,city,37.858369,-122.491844
0670518,Scotia,CDP,40.478813,-124.104651
0670588,Scotts Valley,city,37.055499,-122.011769
0670644,Seacliff,CDP,36.977344,-121.918615
0670686,Seal Beach,city,33.754399,-118.071320
0670712,Sea Ranch,CDP,38.725274,-123.458314
0670728,Searles Valley,CDP,35.770048,-117.396676
0670742,Seaside,city,36.625058,-121.817804
0670770,Sebastopol,city,38.400003,-122.827586
0670798,Seeley,CDP,32.790475,-115.684982
0670882,Selma,city,36.571768,-119.613952
0670966,Sequoia Crest,CDP,36.185882,-118.625635
0671000,Sereno del Mar,CDP,38.383671,-123.073148
0671078,Seville,CDP,36.483533,-119.225868
0671106,Shafter,city,35.479421,-119.201285
0671134,Shandon,CDP,35.653609,-120.383148
0671218,Shasta,CDP,40.592021,-122.477899
0671225,Shasta Lake,city,40.676564,-122.380909
0671246,Shaver Lake,CDP,37.099184,-119.325677
0671302,Sheep Ranch,CDP,38.207433,-120.460192
0671362,Shell Ridge,CDP,37.905919,-122.034399
0671372,Shelter Cove,CDP,40.038954,-124.055825
0671414,Sheridan,CDP,38.973111,-121.350946
0671554,Shingle Springs,CDP,38.665855,-120.936208
0671568,Shingletown,CDP,40.506094,-121.855665
0671680,Shoshone,CDP,35.967230,-116.308770
0671774,Sierra Brooks,CDP,39.642592,-120.215387
0671778,Sierra City,CDP,39.572658,-120.627617
0671806,Sierra Madre,city,34.168771,-118.050216
0671834,Sierra Village,CDP,38.075627,-120.159336
0671848,Sierraville,CDP,39.582232,-120.362065
0671876,Signal Hill,city,33.803461,-118.169735
0671918,Silverado,CDP,33.748176,-117.628479
0671927,Silverado Resort,CDP,38.356302,-122.256334
0671932,Silver City,CDP,36.466306,-118.649508
0671964,Silver Lakes,CDP,34.747820,-117.344966
0672016,Simi Valley,city,34.266887,-118.748458
0672086,Sisquoc,CDP,34.861817,-120.294395
0672156,Sky Valley,CDP,33.891237,-116.355040
0672184,Sleepy Hollow,CDP,38.012039,-122.587686
0672282,Smartsville,CDP,39.205273,-121.292916
0672338,Smith Corner,CDP,35.478831,-119.277123
0672380,Smith River,CDP,41.923802,-124.147825
0672408,Snelling,CDP,37.524450,-120.436319
0672478,Soda Bay,CDP,39.002431,-122.779476
0672492,Soda Springs,CDP,39.324788,-120.378665
0672506,Solana Beach,city,32.991300,-117.258062
0672520,Soledad,city,36.434522,-121.317759
0672576,Solvang,city,34.593758,-120.139680
0672632,Somis,CDP,34.265263,-118.998406
0672646,Sonoma,city,38.290331,-122.459831
0672654,Sonoma State University,CDP,38.340565,-122.672884
0672674,Sonora,city,37.981707,-120.382755
0672688,Soquel,CDP,36.997762,-121.948248
0672772,Soulsbyville,CDP,37.991289,-120.262791
0672954,South Dos Palos,CDP,36.970701,-120.646731
0672996,South El Monte,city,34.050377,-118.048384
0673080,South Gate,city,33.944159,-118.192761
0673108,South Lake Tahoe,city,38.928218,-119.981000
0673167,South Monrovia Island,CDP,34.123421,-117.995864
0673178,South Oroville,CDP,39.476554,-121.543878
0673220,South Pasadena,city,34.108967,-118.156618
0673262,South San Francisco,city,37.655104,-122.376234
0673276,South San Gabriel,CDP,34.047794,-118.095678
0673290,South San Jose Hills,CDP,34.012332,-117.904363
0673388,South Taft,CDP,35.129308,-119.457500
0673430,South Whittier,CDP,33.933080,-118.030771
0673554,Spaulding,CDP,40.655664,-120.786260
0673612,Spreckels,CDP,36.624716,-121.646487
0673654,Spring Garden,CDP,39.891971,-120.786617
0673690,Spring Valley,CDP,39.076053,-122.584512
0673696,Spring Valley,CDP,32.729948,-116.976401
0673700,Spring Valley Lake,CDP,34.496818,-117.267587
0673710,Springville,CDP,36.120867,-118.822825
0673794,Squaw Valley,CDP,36.719141,-119.202677
0673815,Squirrel Mountain Valley,CDP,35.617524,-118.404668
0673868,Stallion Springs,CDP,35.092016,-118.657649
0673906,Stanford,CDP,37.426933,-122.167741
0673962,Stanton,city,33.800233,-117.993449
0674021,Stebbins,CDP,35.405650,-119.314178
0674130,Stevenson Ranch,CDP,34.387720,-118.584359
0674144,Stevinson,CDP,37.324664,-120.849664
0674172,Stinson Beach,CDP,37.902485,-122.650116
0674186,Stirling City,CDP,39.904971,-121.537263
0675000,Stockton,city,37.976553,-121.308598
0675122,Stones Landing,CDP,40.691549,-120.734628
0675154,Stonyford,CDP,39.369492,-122.543808
0675252,Stratford,CDP,36.188464,-119.822247
0675280,Strathmore,CDP,36.146117,-119.064341
0675315,Strawberry,CDP,37.891250,-122.509166
0675322,Strawberry,CDP,38.198384,-120.010343
0675592,Sugarloaf Saw Mill,CDP,35.834299,-118.616541
0675596,Sugarloaf Village,CDP,35.826851,-118.635447
0675630,Suisun City,city,38.248334,-122.010066
0675672,Sultana,CDP,36.545511,-119.337736
0675714,Summerland,CDP,34.417182,-119.587494
0675994,Sunnyside,CDP,36.729479,-119.694438
0676015,Sunnyside-Tahoe City,CDP,39.148318,-120.170938
0676040,Sunny Slopes,CDP,37.569376,-118.675836
0677000,Sunnyvale,city,37.385797,-122.026316
0677042,Sunol,CDP,37.585935,-121.880456
0677308,Sun Village,CDP,34.559524,-117.956758
0677364,Susanville,city,40.433674,-120.628306
0677378,Sutter,CDP,39.155596,-121.749265
0677392,Sutter Creek,city,38.392445,-120.798969
0677430,Swall Meadows,CDP,37.506060,-118.642656
0677574,Taft,city,35.126696,-119.424194
0677588,Taft Heights,CDP,35.133750,-119.471140
0677595,Taft Mosswood,CDP,37.911954,-121.282166
0677700,Tahoe Vista,CDP,39.246800,-120.058578
0677728,Tahoma,CDP,39.058245,-120.142067
0677784,Talmage,CDP,39.131198,-123.163838
0677805,Tamalpais-Homestead Valley,CDP,37.879129,-122.537889
0677860,Tancred,CDP,38.761859,-122.154696
0677924,Tara Hills,CDP,37.993845,-122.318781
0677934,Tarina,CDP,35.380700,-118.817088
0677960,Tarpey Village,CDP,36.794082,-119.701193
0678008,Taylorsville,CDP,40.058662,-120.838675
0678050,Tecopa,CDP,35.820581,-116.205051
0678092,Tehachapi,city,35.142959,-118.446036
0678106,Tehama,city,40.021776,-122.126901
0678120,Temecula,city,33.493073,-117.131734
0678126,Temelec,CDP,38.257755,-122.498198
0678138,Temescal Valley,CDP,33.758003,-117.467159
0678148,Temple City,city,34.102156,-118.057971
0678162,Templeton,CDP,35.556024,-120.718166
0678176,Tennant,CDP,41.578884,-121.917464
0678232,Terminous,CDP,38.115256,-121.489558
0678288,Terra Bella,CDP,35.960011,-119.038528
0678336,Teviston,CDP,35.928872,-119.278332
0678456,Thermal,CDP,33.626195,-116.130834
0678470,Thermalito,CDP,39.508933,-121.601116
0678568,Thornton,CDP,38.229659,-121.426063
0678582,Thousand Oaks,city,34.193290,-118.874235
0678596,Thousand Palms,CDP,33.815006,-116.354481
0678638,Three Rivers,CDP,36.440041,-118.880280
0678652,Three Rocks,CDP,36.505148,-120.393534
0678666,Tiburon,town,37.886768,-122.462619
0678715,Timber Cove,CDP,38.541089,-123.258786
0678750,Tipton,CDP,36.057233,-119.313525
0678792,Tobin,CDP,39.935798,-121.296491
0678890,Tomales,CDP,38.247030,-122.905355
0678932,Tonyville,CDP,36.247382,-119.090352
0678949,Tooleville,CDP,36.287753,-119.115435
0678960,Topanga,CDP,34.096777,-118.606021
0679030,Topaz,CDP,38.638059,-119.501807
0679529,Toro Canyon,CDP,34.423004,-119.560729
0680000,Torrance,city,33.830453,-118.356618
0680210,Trabuco Canyon,CDP,33.678228,-117.594009
0680238,Tracy,city,37.727396,-121.452195
0680266,Tranquillity,CDP,36.648007,-120.252542
0680280,Traver,CDP,36.454111,-119.483730
0680364,Tres Pinos,CDP,36.790382,-121.310564
0680448,Trinidad,city,41.057708,-124.143255
0680476,Trinity Center,CDP,40.984064,-122.708325
0680483,Trinity Village,CDP,40.878916,-123.513207
0680515,Trona,CDP,35.815821,-117.347348
0680560,Trowbridge,CDP,38.926385,-121.514845
0680588,Truckee,town,39.350548,-120.193943
0680644,Tulare,city,36.200246,-119.339775
0680686,Tulelake,city,41.953460,-121.474897
0680763,Tuolumne City,CDP,37.961815,-120.242041
0680784,Tupman,CDP,35.298743,-119.357674
0680812,Turlock,city,37.505524,-120.859269
0680854,Tustin,city,33.730927,-117.810596
0680882,Tuttle,CDP,37.296508,-120.378867
0680896,Tuttletown,CDP,38.010436,-120.441246
0680952,Twain,CDP,40.035503,-121.040363
0680966,Twain Harte,CDP,38.036943,-120.233918
0680994,Twentynine Palms,city,34.147804,-116.065991
0681048,Twin Lakes,CDP,38.162886,-119.341063
0681050,Twin Lakes,CDP,36.961378,-121.991748
0681134,Ukiah,city,39.146470,-123.204438
0681204,Union City,city,37.602759,-122.018840
0681302,University of California-Davis,CDP,38.537704,-121.757900
0681316,University of California-Santa Barbara,CDP,34.417825,-119.846713
0681344,Upland,city,34.116073,-117.659922
0681358,Upper Lake,CDP,39.165050,-122.905182
0681554,Vacaville,city,38.358621,-121.968601
0681638,Valinda,CDP,34.040033,-117.930057
0681652,Vallecito,CDP,38.083203,-120.468331
0681666,Vallejo,city,38.106909,-122.262339
0681708,Valle Vista,CDP,33.743363,-116.888783
0681722,Valley Acres,CDP,35.208668,-119.410651
0681736,Valley Center,CDP,33.232994,-117.015763
0681778,Valley Ford,CDP,38.324560,-122.914733
0681792,Valley Home,CDP,37.827241,-120.914343
0681869,Valley Ranch,CDP,39.740342,-120.564895
0681890,Valley Springs,CDP,38.189378,-120.825279
0681925,Valley Wells,CDP,35.880729,-117.335676
0681967,Val Verde,CDP,34.450423,-118.671784
0682072,Vandenberg AFB,CDP,34.727986,-120.506467
0682086,Vandenberg Village,CDP,34.711740,-120.461933
0682334,Verdi,CDP,39.526969,-120.023394
0682422,Vernon,city,34.001123,-118.210869
0682562,Victor,CDP,38.138465,-121.198760
0682590,Victorville,city,34.527735,-117.353579
0682667,View Park-Windsor Hills,CDP,33.994472,-118.347762
0682744,Villa Park,city,33.817985,-117.811293
0682786,Vina,CDP,39.934180,-122.051706
0682815,Vincent,CDP,34.098268,-117.923801
0682842,Vine Hill,CDP,38.007117,-122.087297
0682852,Vineyard,CDP,38.474035,-121.323995
0682929,Virginia Lakes,CDP,38.043473,-119.259877
0682954,Visalia,city,36.329210,-119.326984
0682996,Vista,city,33.189528,-117.238582
0683085,Vista Santa Rosa,CDP,33.621451,-116.208816
0683094,Volcano,CDP,38.450614,-120.621768
0683108,Volta,CDP,37.082353,-120.914480
0683262,Walker,CDP,38.518502,-119.473051
0683304,Wallace,CDP,38.199838,-120.964242
0683332,Walnut,city,34.037195,-117.855606
0683346,Walnut Creek,city,37.902666,-122.040479
0683374,Walnut Grove,CDP,38.250594,-121.534973
0683402,Walnut Park,CDP,33.968233,-118.221948
0683460,Warm Springs,CDP,33.706681,-117.334347
0683494,Warner Valley,CDP,40.404355,-121.340562
0683542,Wasco,city,35.593785,-119.367101
0683570,Washington,CDP,39.359158,-120.790497
0683612,Waterford,city,37.642685,-120.754152
0683626,Waterloo,CDP,38.036452,-121.184555
0683668,Watsonville,city,36.923587,-121.772395
0683724,Waukena,CDP,36.139104,-119.510973
0683730,Wautec,CDP,41.354315,-123.862288
0683766,Wawona,CDP,37.544674,-119.638674
0683794,Weaverville,CDP,40.740655,-122.929022
0683850,Weed,city,41.412087,-122.380966
0683863,Weedpatch,CDP,35.235892,-118.909561
0683906,Weitchpec,CDP,41.194593,-123.688847
0683948,Weldon,CDP,35.644103,-118.309088
0684004,Weott,CDP,40.322772,-123.920622
0684116,West Athens,CDP,33.923453,-118.303301
0684120,West Bishop,CDP,37.362768,-118.475046
0684144,West Carson,CDP,33.823139,-118.293685
0684200,West Covina,city,34.055941,-117.909937
0684345,West Goshen,CDP,36.349183,-119.457374
0684385,Westhaven-Moonstone,CDP,41.036117,-124.090830
0684410,West Hollywood,city,34.088268,-118.371831
0684438,Westlake Village,city,34.136675,-118.817367
0684480,Westley,CDP,37.546908,-121.200915
0684536,West Menlo Park,CDP,37.433824,-122.203420
0684550,Westminster,city,33.752292,-117.993868
0684578,West Modesto,CDP,37.617519,-121.032828
0684592,Westmont,CDP,33.941682,-118.301834
0684606,Westmorland,city,33.038996,-115.622441
0684680,West Park,CDP,36.705526,-119.851548
0684732,West Point,CDP,38.406819,-120.542592
0684774,West Puente Valley,CDP,34.052280,-117.966717
0684780,West Rancho Dominguez,CDP,33.904332,-118.267777
0684816,West Sacramento,city,38.554368,-121.548663
0684863,Westside,CDP,36.404202,-120.134326
0684921,West Whittier-Los Nietos,CDP,33.975632,-118.069227
0684928,Westwood,CDP,40.305220,-121.003503
0685012,Wheatland,city,39.031163,-121.389996
0685086,Whitehawk,CDP,39.720609,-120.553583
0685208,Whitewater,CDP,33.935590,-116.687212
0685222,Whitley Gardens,CDP,35.656322,-120.508112
0685250,Whitmore,CDP,40.612510,-121.935906
0685292,Whittier,city,33.966827,-118.020122
0685446,Wildomar,city,33.617278,-117.258312
0685551,Wilkerson,CDP,37.277339,-118.391588
0685586,Williams,city,39.149780,-122.138968
0685587,Williams Canyon,CDP,33.728913,-117.639438
0685600,Willits,city,39.405006,-123.348889
0685614,Willowbrook,CDP,33.920834,-118.236915
0685642,Willow Creek,CDP,40.939330,-123.641100
0685684,Willows,city,39.514752,-122.199178
0685810,Wilseyville,CDP,38.376483,-120.486844
0685866,Wilsonia,CDP,36.734598,-118.955847
0685880,Wilton,CDP,38.412977,-121.212718
0685894,Winchester,CDP,33.714630,-117.077398
0685922,Windsor,town,38.542099,-122.808613
0685992,Winter Gardens,CDP,32.837512,-116.926555
0686020,Winterhaven,CDP,32.737183,-114.637798
0686034,Winters,city,38.533271,-121.975473
0686076,Winton,CDP,37.385427,-120.617364
0686174,Wofford Heights,CDP,35.714951,-118.472664
0686216,Woodacre,CDP,38.005174,-122.638310
0686230,Woodbridge,CDP,38.172065,-121.308915
0686244,Woodcrest,CDP,33.878946,-117.368671
0686300,Woodlake,city,36.412828,-119.100718
0686328,Woodland,city,38.671370,-121.749025
0686380,Woodlands,CDP,35.028873,-120.552393
0686440,Woodside,town,37.422150,-122.258593
0686482,Woodville,CDP,36.092680,-119.201226
0686489,Woodville Farm Labor Camp,CDP,36.083151,-119.147923
0686496,Woody,CDP,35.708148,-118.814396
0686594,Wrightwood,CDP,34.345988,-117.627579
0686678,Yankee Hill,CDP,39.700709,-121.514688
0686720,Yermo,CDP,34.906656,-116.823274
0686734,Yettem,CDP,36.485684,-119.255689
0686804,Yolo,CDP,38.740463,-121.809324
0686832,Yorba Linda,city,33.889038,-117.772070
0686878,Yosemite Lakes,CDP,37.185358,-119.772122
0686912,Yosemite Valley,CDP,37.742523,-119.577626
0686916,Yosemite West,CDP,37.648193,-119.718217
0686930,Yountville,city,38.393512,-122.365536
0686944,Yreka,city,41.724032,-122.631570
0686972,Yuba City,city,39.129842,-121.641549
0687042,Yucaipa,city,34.033570,-117.042887
0687056,Yucca Valley,town,34.123347,-116.421557
0687090,Zayante,CDP,37.089214,-122.040862
